﻿<?xml version="1.0" encoding="utf-8"?>
<document xsi:noNamespaceSchemaLocation="file:FlexInterlinear.xsd" xmlns:xsi="http://www.w3.org/2001/XMLSchema-instance">
  <interlinear-text guid="ab0ab0ff-0c22-4131-b97a-1bce895e0c52">
    <item type="title" lang="con-Latn-EC">107 Me'ttia'ye yajema cui'su</item>
    <item type="title" lang="en">He Who First Drank Ayahuasca</item>
    <item type="title" lang="es">El primer tomador de yajé</item>
    <item type="source" lang="con-Latn-EC">Blaser, Magdalena "A'indeccu canqque'sune condase'cho"</item>
    <item type="source" lang="en">Blaser, Magdalena "Myths of the Cofán people"</item>
    <item type="source" lang="con-Latn-EC">Blaser, Magdalena "Mitos del pueblo Cofán"</item>
    <paragraphs>
      <paragraph>
        <phrases>
          <word><words>
              <word><item type="txt" lang="con-Latn-EC">Yajema</item><morphemes>
                  <morph type="root" guid="d7f713e5-e8cf-11d3-9764-00c04f186933">
                    <item type="txt" lang="con-Latn-EC">yaje</item>
                    <item type="cf" lang="con-Latn-EC">yaje</item>
                    <item type="gls" lang="en">ayahuasca</item>
                    <item type="msa" lang="en">n</item>
                  </morph>
                  <morph type="enclitic" guid="d7f713e1-e8cf-11d3-9764-00c04f186933">
                    <item type="txt" lang="con-Latn-EC">=ma</item>
                    <item type="cf" lang="con-Latn-EC">=ma</item>
                    <item type="gls" lang="en">=ACC</item>
                    <item type="msa" lang="en">clphras</item>
                  </morph>
                </morphemes></word>
              <word><item type="txt" lang="con-Latn-EC">me'ttiaye</item><morphemes>
                  <morph type="bound root" guid="d7f713e4-e8cf-11d3-9764-00c04f186933">
                    <item type="txt" lang="con-Latn-EC">*me</item>
                    <item type="cf" lang="con-Latn-EC">*me</item>
                    <item type="gls" lang="en">not have</item>
                    <item type="msa" lang="en">bnd</item>
                  </morph>
                  <morph type="enclitic" guid="d7f713e1-e8cf-11d3-9764-00c04f186933">
                    <item type="txt" lang="con-Latn-EC">='tti</item>
                    <item type="cf" lang="con-Latn-EC">='tti</item>
                    <item type="gls" lang="en">=LOC.NR</item>
                    <item type="msa" lang="en">clphras</item>
                  </morph>
                  <morph type="enclitic" guid="d7f713e1-e8cf-11d3-9764-00c04f186933">
                    <item type="txt" lang="con-Latn-EC">=a</item>
                    <item type="cf" lang="con-Latn-EC">=a</item>
                    <item type="gls" lang="en">=ADJR</item>
                    <item type="msa" lang="en">clphras</item>
                  </morph>
                  <morph type="enclitic" guid="d7f713e1-e8cf-11d3-9764-00c04f186933">
                    <item type="txt" lang="con-Latn-EC">=ye</item>
                    <item type="cf" lang="con-Latn-EC">=ye</item>
                    <item type="hn" lang="en">2</item>
                    <item type="gls" lang="en">=ELAT</item>
                    <item type="msa" lang="en">clphras</item>
                  </morph>
                </morphemes></word>
              <word><item type="txt" lang="con-Latn-EC">cu'i</item><morphemes>
                  <morph type="root" guid="d7f713e5-e8cf-11d3-9764-00c04f186933">
                    <item type="txt" lang="con-Latn-EC">cu'i</item>
                    <item type="cf" lang="con-Latn-EC">cu'i</item>
                    <item type="gls" lang="en">drink</item>
                    <item type="msa" lang="en">v</item>
                  </morph>
                </morphemes></word>
              <word><item type="txt" lang="con-Latn-EC">ashaen'suta</item><morphemes>
                  <morph type="stem" guid="d7f713e8-e8cf-11d3-9764-00c04f186933">
                    <item type="txt" lang="con-Latn-EC">ashaen</item>
                    <item type="cf" lang="con-Latn-EC">ashaen</item>
                    <item type="gls" lang="en">begin</item>
                    <item type="msa" lang="en">v</item>
                  </morph>
                  <morph type="enclitic" guid="d7f713e1-e8cf-11d3-9764-00c04f186933">
                    <item type="txt" lang="con-Latn-EC">='su</item>
                    <item type="cf" lang="con-Latn-EC">='su</item>
                    <item type="gls" lang="en">=ATTR</item>
                    <item type="msa" lang="en">clphras</item>
                  </morph>
                  <morph type="enclitic" guid="d7f713e1-e8cf-11d3-9764-00c04f186933">
                    <item type="txt" lang="con-Latn-EC">=ta</item>
                    <item type="cf" lang="con-Latn-EC">=ta</item>
                    <item type="gls" lang="en">=NEW</item>
                    <item type="msa" lang="en">clphras</item>
                  </morph>
                </morphemes></word>
              <word><item type="txt" lang="con-Latn-EC">te</item><morphemes>
                  <morph type="clitic" guid="c2d140e5-7ca9-41f4-a69a-22fc7049dd2c">
                    <item type="txt" lang="con-Latn-EC">te</item>
                    <item type="cf" lang="con-Latn-EC">te</item>
                    <item type="gls" lang="en">REP</item>
                    <item type="msa" lang="en">clclaus</item>
                  </morph>
                </morphemes></word>
              <word><item type="txt" lang="con-Latn-EC">Chigambe</item><morphemes>
                  <morph type="root" guid="d7f713e5-e8cf-11d3-9764-00c04f186933">
                    <item type="txt" lang="con-Latn-EC">Chiga</item>
                    <item type="cf" lang="con-Latn-EC">Chiga</item>
                    <item type="gls" lang="en">Chiga</item>
                    <item type="msa" lang="en">nmyth</item>
                  </morph>
                  <morph type="enclitic" guid="d7f713e1-e8cf-11d3-9764-00c04f186933">
                    <item type="txt" lang="con-Latn-EC">=mbe</item>
                    <item type="cf" lang="con-Latn-EC">=mbe</item>
                    <item type="hn" lang="en">1</item>
                    <item type="gls" lang="en">=BEN</item>
                    <item type="msa" lang="en">clphras</item>
                  </morph>
                </morphemes></word>
              <word><item type="txt" lang="con-Latn-EC">yaya</item><morphemes>
                  <morph type="root" guid="d7f713e5-e8cf-11d3-9764-00c04f186933">
                    <item type="txt" lang="con-Latn-EC">yaya</item>
                    <item type="cf" lang="con-Latn-EC">yaya</item>
                    <item type="gls" lang="en">dad</item>
                    <item type="msa" lang="en">n</item>
                  </morph>
                </morphemes></word>
              <word><item type="punct" lang="con-Latn-EC">.</item></word>
            </words><item type="segnum" lang="en">1.1</item><item type="gls" lang="en">At the beginning, the first to begin drinking ayahuasca, according to what they say, was the father of "Chiga".</item><item type="gls" lang="es">El primero que supo tomar yajé, según como dicen, fue el papá de "Chiga",</item></word>
          <word><words>
              <word><item type="txt" lang="con-Latn-EC">Paña</item><morphemes>
                  <morph type="root" guid="d7f713e5-e8cf-11d3-9764-00c04f186933">
                    <item type="txt" lang="con-Latn-EC">paña</item>
                    <item type="cf" lang="con-Latn-EC">paña</item>
                    <item type="gls" lang="en">hear</item>
                    <item type="msa" lang="en">v</item>
                  </morph>
                </morphemes></word>
              <word><item type="txt" lang="con-Latn-EC">gi</item><morphemes>
                  <morph type="clitic" guid="c2d140e5-7ca9-41f4-a69a-22fc7049dd2c">
                    <item type="txt" lang="con-Latn-EC">gi</item>
                    <item type="cf" lang="con-Latn-EC">gi</item>
                    <item type="gls" lang="en">1</item>
                    <item type="msa" lang="en">clpers</item>
                  </morph>
                </morphemes></word>
              <word><item type="txt" lang="con-Latn-EC">tayopi'su</item><morphemes>
                  <morph type="stem" guid="d7f713e8-e8cf-11d3-9764-00c04f186933">
                    <item type="txt" lang="con-Latn-EC">tayopi</item>
                    <item type="cf" lang="con-Latn-EC">tayopi</item>
                    <item type="gls" lang="en">long ago</item>
                    <item type="msa" lang="en">adv</item>
                  </morph>
                  <morph type="enclitic" guid="d7f713e1-e8cf-11d3-9764-00c04f186933">
                    <item type="txt" lang="con-Latn-EC">='su</item>
                    <item type="cf" lang="con-Latn-EC">='su</item>
                    <item type="gls" lang="en">=ATTR</item>
                    <item type="msa" lang="en">clphras</item>
                  </morph>
                </morphemes></word>
              <word><item type="txt" lang="con-Latn-EC">condase'choni</item><morphemes>
                  <morph type="stem" guid="d7f713e8-e8cf-11d3-9764-00c04f186933">
                    <item type="txt" lang="con-Latn-EC">condase</item>
                    <item type="cf" lang="con-Latn-EC">condase</item>
                    <item type="gls" lang="en">tell</item>
                    <item type="msa" lang="en">v</item>
                  </morph>
                  <morph type="enclitic" guid="d7f713e1-e8cf-11d3-9764-00c04f186933">
                    <item type="txt" lang="con-Latn-EC">='cho</item>
                    <item type="cf" lang="con-Latn-EC">='cho</item>
                    <item type="hn" lang="en">1</item>
                    <item type="gls" lang="en">=SBRD</item>
                    <item type="msa" lang="en">clphras</item>
                  </morph>
                  <morph type="enclitic" guid="d7f713e1-e8cf-11d3-9764-00c04f186933">
                    <item type="txt" lang="con-Latn-EC">=ni</item>
                    <item type="cf" lang="con-Latn-EC">=ni</item>
                    <item type="gls" lang="en">=LOC</item>
                    <item type="msa" lang="en">clphras</item>
                  </morph>
                </morphemes></word>
              <word><item type="txt" lang="con-Latn-EC">su'choma</item><morphemes>
                  <morph type="root" guid="d7f713e5-e8cf-11d3-9764-00c04f186933">
                    <item type="txt" lang="con-Latn-EC">su</item>
                    <item type="cf" lang="con-Latn-EC">su</item>
                    <item type="gls" lang="en">say</item>
                    <item type="msa" lang="en">v</item>
                  </morph>
                  <morph type="enclitic" guid="d7f713e1-e8cf-11d3-9764-00c04f186933">
                    <item type="txt" lang="con-Latn-EC">='cho</item>
                    <item type="cf" lang="con-Latn-EC">='cho</item>
                    <item type="hn" lang="en">1</item>
                    <item type="gls" lang="en">=SBRD</item>
                    <item type="msa" lang="en">clphras</item>
                  </morph>
                  <morph type="enclitic" guid="d7f713e1-e8cf-11d3-9764-00c04f186933">
                    <item type="txt" lang="con-Latn-EC">=ma</item>
                    <item type="cf" lang="con-Latn-EC">=ma</item>
                    <item type="gls" lang="en">=ACC</item>
                    <item type="msa" lang="en">clphras</item>
                  </morph>
                </morphemes></word>
              <word><item type="punct" lang="con-Latn-EC">.</item></word>
            </words><item type="segnum" lang="en">1.2</item><item type="gls" lang="en">Long ago, I heard in a story...</item><item type="gls" lang="es">bueno, yo oí, en medio de un cuento...</item></word>
          <word><words>
              <word><item type="txt" lang="con-Latn-EC">José</item><morphemes>
                  <morph type="root" guid="d7f713e5-e8cf-11d3-9764-00c04f186933">
                    <item type="txt" lang="con-Latn-EC">José</item>
                    <item type="cf" lang="con-Latn-EC">José</item>
                    <item type="gls" lang="en">José</item>
                    <item type="msa" lang="en">nprop</item>
                  </morph>
                </morphemes></word>
              <word><item type="txt" lang="con-Latn-EC">Chigambe</item><morphemes>
                  <morph type="root" guid="d7f713e5-e8cf-11d3-9764-00c04f186933">
                    <item type="txt" lang="con-Latn-EC">Chiga</item>
                    <item type="cf" lang="con-Latn-EC">Chiga</item>
                    <item type="gls" lang="en">Chiga</item>
                    <item type="msa" lang="en">nmyth</item>
                  </morph>
                  <morph type="enclitic" guid="d7f713e1-e8cf-11d3-9764-00c04f186933">
                    <item type="txt" lang="con-Latn-EC">=mbe</item>
                    <item type="cf" lang="con-Latn-EC">=mbe</item>
                    <item type="hn" lang="en">1</item>
                    <item type="gls" lang="en">=BEN</item>
                    <item type="msa" lang="en">clphras</item>
                  </morph>
                </morphemes></word>
              <word><item type="txt" lang="con-Latn-EC">yayate</item><morphemes>
                  <morph type="root" guid="d7f713e5-e8cf-11d3-9764-00c04f186933">
                    <item type="txt" lang="con-Latn-EC">yaya</item>
                    <item type="cf" lang="con-Latn-EC">yaya</item>
                    <item type="gls" lang="en">dad</item>
                    <item type="msa" lang="en">n</item>
                  </morph>
                  <morph type="enclitic" guid="d7f713e1-e8cf-11d3-9764-00c04f186933">
                    <item type="txt" lang="con-Latn-EC">=te</item>
                    <item type="cf" lang="con-Latn-EC">te</item>
                    <item type="gls" lang="en">=REP</item>
                    <item type="msa" lang="en">clclaus</item>
                  </morph>
                </morphemes></word>
              <word><item type="txt" lang="con-Latn-EC">me'ttia'ye</item><morphemes>
                  <morph type="bound root" guid="d7f713e4-e8cf-11d3-9764-00c04f186933">
                    <item type="txt" lang="con-Latn-EC">*me</item>
                    <item type="cf" lang="con-Latn-EC">*me</item>
                    <item type="gls" lang="en">not have</item>
                    <item type="msa" lang="en">bnd</item>
                  </morph>
                  <morph type="enclitic" guid="d7f713e1-e8cf-11d3-9764-00c04f186933">
                    <item type="txt" lang="con-Latn-EC">='tti</item>
                    <item type="cf" lang="con-Latn-EC">='tti</item>
                    <item type="gls" lang="en">=LOC.NR</item>
                    <item type="msa" lang="en">clphras</item>
                  </morph>
                  <morph type="enclitic" guid="d7f713e1-e8cf-11d3-9764-00c04f186933">
                    <item type="txt" lang="con-Latn-EC">=a</item>
                    <item type="cf" lang="con-Latn-EC">=a</item>
                    <item type="gls" lang="en">=ADJR</item>
                    <item type="msa" lang="en">clphras</item>
                  </morph>
                  <morph type="enclitic" guid="d7f713e1-e8cf-11d3-9764-00c04f186933">
                    <item type="txt" lang="con-Latn-EC">='ye</item>
                    <item type="cf" lang="con-Latn-EC">=ye</item>
                    <item type="hn" lang="en">2</item>
                    <item type="gls" lang="en">=ELAT</item>
                    <item type="msa" lang="en">clphras</item>
                  </morph>
                </morphemes></word>
              <word><item type="txt" lang="con-Latn-EC">yajema</item><morphemes>
                  <morph type="root" guid="d7f713e5-e8cf-11d3-9764-00c04f186933">
                    <item type="txt" lang="con-Latn-EC">yaje</item>
                    <item type="cf" lang="con-Latn-EC">yaje</item>
                    <item type="gls" lang="en">ayahuasca</item>
                    <item type="msa" lang="en">n</item>
                  </morph>
                  <morph type="enclitic" guid="d7f713e1-e8cf-11d3-9764-00c04f186933">
                    <item type="txt" lang="con-Latn-EC">=ma</item>
                    <item type="cf" lang="con-Latn-EC">=ma</item>
                    <item type="gls" lang="en">=ACC</item>
                    <item type="msa" lang="en">clphras</item>
                  </morph>
                </morphemes></word>
              <word><item type="txt" lang="con-Latn-EC">cu'ipa</item><morphemes>
                  <morph type="root" guid="d7f713e5-e8cf-11d3-9764-00c04f186933">
                    <item type="txt" lang="con-Latn-EC">cu'i</item>
                    <item type="cf" lang="con-Latn-EC">cu'i</item>
                    <item type="gls" lang="en">drink</item>
                    <item type="msa" lang="en">v</item>
                  </morph>
                  <morph type="enclitic" guid="d7f713e1-e8cf-11d3-9764-00c04f186933">
                    <item type="txt" lang="con-Latn-EC">=pa</item>
                    <item type="cf" lang="con-Latn-EC">=pa</item>
                    <item type="hn" lang="en">1</item>
                    <item type="gls" lang="en">=SS</item>
                    <item type="msa" lang="en">clphras</item>
                  </morph>
                </morphemes></word>
              <word><item type="txt" lang="con-Latn-EC">atesu'ya</item><morphemes>
                  <morph type="root" guid="d7f713e5-e8cf-11d3-9764-00c04f186933">
                    <item type="txt" lang="con-Latn-EC">atesu</item>
                    <item type="cf" lang="con-Latn-EC">atesu</item>
                    <item type="gls" lang="en">know</item>
                    <item type="msa" lang="en">v</item>
                  </morph>
                  <morph type="enclitic" guid="d7f713e1-e8cf-11d3-9764-00c04f186933">
                    <item type="txt" lang="con-Latn-EC">='ya</item>
                    <item type="cf" lang="con-Latn-EC">='ya</item>
                    <item type="gls" lang="en">=ASS</item>
                    <item type="msa" lang="en">clphras</item>
                  </morph>
                </morphemes></word>
              <word><item type="punct" lang="con-Latn-EC">.</item></word>
            </words><item type="segnum" lang="en">1.3</item><item type="gls" lang="en">... daddy José, the father of God, drank ayahuasca at the beginning,</item><item type="gls" lang="es">... fue taita José, el papá de "Chiga". Tomaba el propio yajé que tomamos nosotros,</item></word>
          <word><words>
              <word><item type="txt" lang="con-Latn-EC">Tsate</item><morphemes>
                  <morph type="root" guid="d7f713e5-e8cf-11d3-9764-00c04f186933">
                    <item type="txt" lang="con-Latn-EC">tsa</item>
                    <item type="cf" lang="con-Latn-EC">tsa</item>
                    <item type="gls" lang="en">ANA</item>
                    <item type="msa" lang="en">dem</item>
                  </morph>
                  <morph type="enclitic" guid="d7f713e1-e8cf-11d3-9764-00c04f186933">
                    <item type="txt" lang="con-Latn-EC">=te</item>
                    <item type="cf" lang="con-Latn-EC">te</item>
                    <item type="gls" lang="en">=REP</item>
                    <item type="msa" lang="en">clclaus</item>
                  </morph>
                </morphemes></word>
              <word><item type="txt" lang="con-Latn-EC">cu'i'ya</item><morphemes>
                  <morph type="root" guid="d7f713e5-e8cf-11d3-9764-00c04f186933">
                    <item type="txt" lang="con-Latn-EC">cu'i</item>
                    <item type="cf" lang="con-Latn-EC">cu'i</item>
                    <item type="gls" lang="en">drink</item>
                    <item type="msa" lang="en">v</item>
                  </morph>
                  <morph type="enclitic" guid="d7f713e1-e8cf-11d3-9764-00c04f186933">
                    <item type="txt" lang="con-Latn-EC">='ya</item>
                    <item type="cf" lang="con-Latn-EC">='ya</item>
                    <item type="gls" lang="en">=ASS</item>
                    <item type="msa" lang="en">clphras</item>
                  </morph>
                </morphemes></word>
              <word><item type="txt" lang="con-Latn-EC">ñotsse</item><morphemes>
                  <morph type="bound root" guid="d7f713e4-e8cf-11d3-9764-00c04f186933">
                    <item type="txt" lang="con-Latn-EC">*ño</item>
                    <item type="cf" lang="con-Latn-EC">*ño</item>
                    <item type="gls" lang="en">good</item>
                    <item type="msa" lang="en">bnd</item>
                  </morph>
                  <morph type="enclitic" guid="d7f713e1-e8cf-11d3-9764-00c04f186933">
                    <item type="txt" lang="con-Latn-EC">=tsse</item>
                    <item type="cf" lang="con-Latn-EC">=tsse</item>
                    <item type="gls" lang="en">=ADV.STAT</item>
                    <item type="msa" lang="en">clphras</item>
                  </morph>
                </morphemes></word>
              <word><item type="txt" lang="con-Latn-EC">canseya'chove</item><morphemes>
                  <morph type="stem" guid="d7f713e8-e8cf-11d3-9764-00c04f186933">
                    <item type="txt" lang="con-Latn-EC">canse</item>
                    <item type="cf" lang="con-Latn-EC">canse</item>
                    <item type="gls" lang="en">live</item>
                    <item type="msa" lang="en">v</item>
                  </morph>
                  <morph type="enclitic" guid="d7f713e1-e8cf-11d3-9764-00c04f186933">
                    <item type="txt" lang="con-Latn-EC">=ya</item>
                    <item type="cf" lang="con-Latn-EC">=ya</item>
                    <item type="gls" lang="en">=IRR</item>
                    <item type="msa" lang="en">clphras</item>
                  </morph>
                  <morph type="enclitic" guid="d7f713e1-e8cf-11d3-9764-00c04f186933">
                    <item type="txt" lang="con-Latn-EC">='cho</item>
                    <item type="cf" lang="con-Latn-EC">='cho</item>
                    <item type="hn" lang="en">1</item>
                    <item type="gls" lang="en">=SBRD</item>
                    <item type="msa" lang="en">clphras</item>
                  </morph>
                  <morph type="enclitic" guid="d7f713e1-e8cf-11d3-9764-00c04f186933">
                    <item type="txt" lang="con-Latn-EC">=ve</item>
                    <item type="cf" lang="con-Latn-EC">=ve</item>
                    <item type="gls" lang="en">=ACC2</item>
                    <item type="msa" lang="en">clphras</item>
                  </morph>
                </morphemes></word>
              <word><item type="txt" lang="con-Latn-EC">atesuye</item><morphemes>
                  <morph type="root" guid="d7f713e5-e8cf-11d3-9764-00c04f186933">
                    <item type="txt" lang="con-Latn-EC">atesu</item>
                    <item type="cf" lang="con-Latn-EC">atesu</item>
                    <item type="gls" lang="en">know</item>
                    <item type="msa" lang="en">v</item>
                  </morph>
                  <morph type="enclitic" guid="d7f713e1-e8cf-11d3-9764-00c04f186933">
                    <item type="txt" lang="con-Latn-EC">=ye</item>
                    <item type="cf" lang="con-Latn-EC">=ye</item>
                    <item type="hn" lang="en">1</item>
                    <item type="gls" lang="en">=INF</item>
                    <item type="msa" lang="en">clphras</item>
                  </morph>
                </morphemes></word>
              <word><item type="punct" lang="con-Latn-EC">.</item></word>
            </words><item type="segnum" lang="en">1.4</item><item type="gls" lang="en">in order to live well</item><item type="gls" lang="es">para vivir bien.</item></word>
          <word><words>
              <word><item type="txt" lang="con-Latn-EC">Tsa'caen</item><morphemes>
                  <morph type="root" guid="d7f713e5-e8cf-11d3-9764-00c04f186933">
                    <item type="txt" lang="con-Latn-EC">tsa</item>
                    <item type="cf" lang="con-Latn-EC">tsa</item>
                    <item type="gls" lang="en">ANA</item>
                    <item type="msa" lang="en">dem</item>
                  </morph>
                  <morph type="enclitic" guid="d7f713e1-e8cf-11d3-9764-00c04f186933">
                    <item type="txt" lang="con-Latn-EC">='ca</item>
                    <item type="cf" lang="con-Latn-EC">='can</item>
                    <item type="gls" lang="en">=CMP</item>
                    <item type="msa" lang="en">clphras</item>
                  </morph>
                  <morph type="enclitic" guid="d7f713e1-e8cf-11d3-9764-00c04f186933">
                    <item type="txt" lang="con-Latn-EC">=en</item>
                    <item type="cf" lang="con-Latn-EC">=e</item>
                    <item type="hn" lang="en">1</item>
                    <item type="gls" lang="en">=ADVR</item>
                    <item type="msa" lang="en">clphras</item>
                  </morph>
                </morphemes></word>
              <word><item type="txt" lang="con-Latn-EC">atesu'chosi</item><morphemes>
                  <morph type="root" guid="d7f713e5-e8cf-11d3-9764-00c04f186933">
                    <item type="txt" lang="con-Latn-EC">atesu</item>
                    <item type="cf" lang="con-Latn-EC">atesu</item>
                    <item type="gls" lang="en">know</item>
                    <item type="msa" lang="en">v</item>
                  </morph>
                  <morph type="enclitic" guid="d7f713e1-e8cf-11d3-9764-00c04f186933">
                    <item type="txt" lang="con-Latn-EC">='cho</item>
                    <item type="cf" lang="con-Latn-EC">='cho</item>
                    <item type="hn" lang="en">1</item>
                    <item type="gls" lang="en">=SBRD</item>
                    <item type="msa" lang="en">clphras</item>
                  </morph>
                  <morph type="enclitic" guid="d7f713e1-e8cf-11d3-9764-00c04f186933">
                    <item type="txt" lang="con-Latn-EC">=si</item>
                    <item type="cf" lang="con-Latn-EC">=si</item>
                    <item type="hn" lang="en">1</item>
                    <item type="gls" lang="en">=DS</item>
                    <item type="msa" lang="en">clphras</item>
                  </morph>
                </morphemes></word>
              <word><item type="txt" lang="con-Latn-EC">te</item><morphemes>
                  <morph type="clitic" guid="c2d140e5-7ca9-41f4-a69a-22fc7049dd2c">
                    <item type="txt" lang="con-Latn-EC">te</item>
                    <item type="cf" lang="con-Latn-EC">te</item>
                    <item type="gls" lang="en">REP</item>
                    <item type="msa" lang="en">clclaus</item>
                  </morph>
                </morphemes></word>
              <word><item type="txt" lang="con-Latn-EC">tise</item><morphemes>
                  <morph type="root" guid="d7f713e5-e8cf-11d3-9764-00c04f186933">
                    <item type="txt" lang="con-Latn-EC">tise</item>
                    <item type="cf" lang="con-Latn-EC">tise</item>
                    <item type="gls" lang="en">3.SG</item>
                    <item type="msa" lang="en">pro</item>
                  </morph>
                </morphemes></word>
              <word><item type="txt" lang="con-Latn-EC">dutssi'yeja</item><morphemes>
                  <morph type="stem" guid="d7f713e8-e8cf-11d3-9764-00c04f186933">
                    <item type="txt" lang="con-Latn-EC">dutssi'ye</item>
                    <item type="cf" lang="con-Latn-EC">dutssi'ye</item>
                    <item type="gls" lang="en">son</item>
                    <item type="msa" lang="en">n</item>
                  </morph>
                  <morph type="enclitic" guid="d7f713e1-e8cf-11d3-9764-00c04f186933">
                    <item type="txt" lang="con-Latn-EC">=ja</item>
                    <item type="cf" lang="con-Latn-EC">=ja</item>
                    <item type="hn" lang="en">1</item>
                    <item type="gls" lang="en">=CONTR</item>
                    <item type="msa" lang="en">clphras</item>
                  </morph>
                </morphemes></word>
              <word><item type="txt" lang="con-Latn-EC">in'jan'ña</item><morphemes>
                  <morph type="root" guid="d7f713e5-e8cf-11d3-9764-00c04f186933">
                    <item type="txt" lang="con-Latn-EC">in'jan</item>
                    <item type="cf" lang="con-Latn-EC">in'jan</item>
                    <item type="gls" lang="en">want</item>
                    <item type="msa" lang="en">v</item>
                  </morph>
                  <morph type="enclitic" guid="d7f713e1-e8cf-11d3-9764-00c04f186933">
                    <item type="txt" lang="con-Latn-EC">='ña</item>
                    <item type="cf" lang="con-Latn-EC">='ya</item>
                    <item type="gls" lang="en">=ASS</item>
                    <item type="msa" lang="en">clphras</item>
                  </morph>
                </morphemes></word>
              <word><item type="txt" lang="con-Latn-EC">tise'qque</item><morphemes>
                  <morph type="root" guid="d7f713e5-e8cf-11d3-9764-00c04f186933">
                    <item type="txt" lang="con-Latn-EC">tise</item>
                    <item type="cf" lang="con-Latn-EC">tise</item>
                    <item type="gls" lang="en">3.SG</item>
                    <item type="msa" lang="en">pro</item>
                  </morph>
                  <morph type="enclitic" guid="d7f713e1-e8cf-11d3-9764-00c04f186933">
                    <item type="txt" lang="con-Latn-EC">='qque</item>
                    <item type="cf" lang="con-Latn-EC">='qque</item>
                    <item type="gls" lang="en">=ADD</item>
                    <item type="msa" lang="en">clphras</item>
                  </morph>
                </morphemes></word>
              <word><item type="txt" lang="con-Latn-EC">tisu</item><morphemes>
                  <morph type="root" guid="d7f713e5-e8cf-11d3-9764-00c04f186933">
                    <item type="txt" lang="con-Latn-EC">tisu</item>
                    <item type="cf" lang="con-Latn-EC">tisu</item>
                    <item type="gls" lang="en">REFL</item>
                    <item type="msa" lang="en">pro</item>
                  </morph>
                </morphemes></word>
              <word><item type="txt" lang="con-Latn-EC">yaya'caen</item><morphemes>
                  <morph type="root" guid="d7f713e5-e8cf-11d3-9764-00c04f186933">
                    <item type="txt" lang="con-Latn-EC">yaya</item>
                    <item type="cf" lang="con-Latn-EC">yaya</item>
                    <item type="gls" lang="en">dad</item>
                    <item type="msa" lang="en">n</item>
                  </morph>
                  <morph type="enclitic" guid="d7f713e1-e8cf-11d3-9764-00c04f186933">
                    <item type="txt" lang="con-Latn-EC">='ca</item>
                    <item type="cf" lang="con-Latn-EC">='can</item>
                    <item type="gls" lang="en">=CMP</item>
                    <item type="msa" lang="en">clphras</item>
                  </morph>
                  <morph type="enclitic" guid="d7f713e1-e8cf-11d3-9764-00c04f186933">
                    <item type="txt" lang="con-Latn-EC">=en</item>
                    <item type="cf" lang="con-Latn-EC">=e</item>
                    <item type="hn" lang="en">1</item>
                    <item type="gls" lang="en">=ADVR</item>
                    <item type="msa" lang="en">clphras</item>
                  </morph>
                </morphemes></word>
              <word><item type="txt" lang="con-Latn-EC">cu'ipa</item><morphemes>
                  <morph type="root" guid="d7f713e5-e8cf-11d3-9764-00c04f186933">
                    <item type="txt" lang="con-Latn-EC">cu'i</item>
                    <item type="cf" lang="con-Latn-EC">cu'i</item>
                    <item type="gls" lang="en">drink</item>
                    <item type="msa" lang="en">v</item>
                  </morph>
                  <morph type="enclitic" guid="d7f713e1-e8cf-11d3-9764-00c04f186933">
                    <item type="txt" lang="con-Latn-EC">=pa</item>
                    <item type="cf" lang="con-Latn-EC">=pa</item>
                    <item type="hn" lang="en">1</item>
                    <item type="gls" lang="en">=SS</item>
                    <item type="msa" lang="en">clphras</item>
                  </morph>
                </morphemes></word>
              <word><item type="txt" lang="con-Latn-EC">atesuye</item><morphemes>
                  <morph type="root" guid="d7f713e5-e8cf-11d3-9764-00c04f186933">
                    <item type="txt" lang="con-Latn-EC">atesu</item>
                    <item type="cf" lang="con-Latn-EC">atesu</item>
                    <item type="gls" lang="en">know</item>
                    <item type="msa" lang="en">v</item>
                  </morph>
                  <morph type="enclitic" guid="d7f713e1-e8cf-11d3-9764-00c04f186933">
                    <item type="txt" lang="con-Latn-EC">=ye</item>
                    <item type="cf" lang="con-Latn-EC">=ye</item>
                    <item type="hn" lang="en">1</item>
                    <item type="gls" lang="en">=INF</item>
                    <item type="msa" lang="en">clphras</item>
                  </morph>
                </morphemes></word>
              <word><item type="punct" lang="con-Latn-EC">.</item></word>
            </words><item type="segnum" lang="en">1.5</item><item type="gls" lang="en">Chiga's dad took ayahuasca and God tried to learn; the son wanted to learn to drink like his dad.</item><item type="gls" lang="es">Taita tomaba yajé y "Chiga" quiso aprender. Entonces el hijo dijo que quería aprender conforme había aprendido el papá.</item></word>
          <word><words>
              <word><item type="txt" lang="con-Latn-EC">Tsa'caen</item><morphemes>
                  <morph type="root" guid="d7f713e5-e8cf-11d3-9764-00c04f186933">
                    <item type="txt" lang="con-Latn-EC">tsa</item>
                    <item type="cf" lang="con-Latn-EC">tsa</item>
                    <item type="gls" lang="en">ANA</item>
                    <item type="msa" lang="en">dem</item>
                  </morph>
                  <morph type="enclitic" guid="d7f713e1-e8cf-11d3-9764-00c04f186933">
                    <item type="txt" lang="con-Latn-EC">='ca</item>
                    <item type="cf" lang="con-Latn-EC">='can</item>
                    <item type="gls" lang="en">=CMP</item>
                    <item type="msa" lang="en">clphras</item>
                  </morph>
                  <morph type="enclitic" guid="d7f713e1-e8cf-11d3-9764-00c04f186933">
                    <item type="txt" lang="con-Latn-EC">=en</item>
                    <item type="cf" lang="con-Latn-EC">=e</item>
                    <item type="hn" lang="en">1</item>
                    <item type="gls" lang="en">=ADVR</item>
                    <item type="msa" lang="en">clphras</item>
                  </morph>
                </morphemes></word>
              <word><item type="txt" lang="con-Latn-EC">in'jansi</item><morphemes>
                  <morph type="root" guid="d7f713e5-e8cf-11d3-9764-00c04f186933">
                    <item type="txt" lang="con-Latn-EC">in'jan</item>
                    <item type="cf" lang="con-Latn-EC">in'jan</item>
                    <item type="gls" lang="en">know</item>
                    <item type="msa" lang="en">v</item>
                  </morph>
                  <morph type="enclitic" guid="d7f713e1-e8cf-11d3-9764-00c04f186933">
                    <item type="txt" lang="con-Latn-EC">=si</item>
                    <item type="cf" lang="con-Latn-EC">=si</item>
                    <item type="hn" lang="en">1</item>
                    <item type="gls" lang="en">=DS</item>
                    <item type="msa" lang="en">clphras</item>
                  </morph>
                </morphemes></word>
              <word><item type="txt" lang="con-Latn-EC">te</item><morphemes>
                  <morph type="clitic" guid="c2d140e5-7ca9-41f4-a69a-22fc7049dd2c">
                    <item type="txt" lang="con-Latn-EC">te</item>
                    <item type="cf" lang="con-Latn-EC">te</item>
                    <item type="gls" lang="en">REP</item>
                    <item type="msa" lang="en">clclaus</item>
                  </morph>
                </morphemes></word>
              <word><item type="txt" lang="con-Latn-EC">tise</item><morphemes>
                  <morph type="root" guid="d7f713e5-e8cf-11d3-9764-00c04f186933">
                    <item type="txt" lang="con-Latn-EC">tise</item>
                    <item type="cf" lang="con-Latn-EC">tise</item>
                    <item type="gls" lang="en">3.SG</item>
                    <item type="msa" lang="en">pro</item>
                  </morph>
                </morphemes></word>
              <word><item type="txt" lang="con-Latn-EC">yayaja</item><morphemes>
                  <morph type="root" guid="d7f713e5-e8cf-11d3-9764-00c04f186933">
                    <item type="txt" lang="con-Latn-EC">yaya</item>
                    <item type="cf" lang="con-Latn-EC">yaya</item>
                    <item type="gls" lang="en">dad</item>
                    <item type="msa" lang="en">n</item>
                  </morph>
                  <morph type="enclitic" guid="d7f713e1-e8cf-11d3-9764-00c04f186933">
                    <item type="txt" lang="con-Latn-EC">=ja</item>
                    <item type="cf" lang="con-Latn-EC">=ja</item>
                    <item type="hn" lang="en">1</item>
                    <item type="gls" lang="en">=CONTR</item>
                    <item type="msa" lang="en">clphras</item>
                  </morph>
                </morphemes></word>
              <word><item type="txt" lang="con-Latn-EC">cui'ñañe</item><morphemes>
                  <morph type="root" guid="d7f713e5-e8cf-11d3-9764-00c04f186933">
                    <item type="txt" lang="con-Latn-EC">cui'</item>
                    <item type="cf" lang="con-Latn-EC">cu'i</item>
                    <item type="gls" lang="en">drink</item>
                    <item type="msa" lang="en">v</item>
                  </morph>
                  <morph type="suffix" guid="d7f713dd-e8cf-11d3-9764-00c04f186933">
                    <item type="txt" lang="con-Latn-EC">-ña</item>
                    <item type="cf" lang="con-Latn-EC">-ña</item>
                    <item type="gls" lang="en">CAUS</item>
                    <item type="msa" lang="en">v:(Val)</item>
                  </morph>
                  <morph type="enclitic" guid="d7f713e1-e8cf-11d3-9764-00c04f186933">
                    <item type="txt" lang="con-Latn-EC">=ñe</item>
                    <item type="cf" lang="con-Latn-EC">=ye</item>
                    <item type="hn" lang="en">1</item>
                    <item type="gls" lang="en">=INF</item>
                    <item type="msa" lang="en">clphras</item>
                  </morph>
                </morphemes></word>
              <word><item type="txt" lang="con-Latn-EC">ashaen'ña</item><morphemes>
                  <morph type="stem" guid="d7f713e8-e8cf-11d3-9764-00c04f186933">
                    <item type="txt" lang="con-Latn-EC">ashaen</item>
                    <item type="cf" lang="con-Latn-EC">ashaen</item>
                    <item type="gls" lang="en">begin</item>
                    <item type="msa" lang="en">v</item>
                  </morph>
                  <morph type="enclitic" guid="d7f713e1-e8cf-11d3-9764-00c04f186933">
                    <item type="txt" lang="con-Latn-EC">='ña</item>
                    <item type="cf" lang="con-Latn-EC">='ya</item>
                    <item type="gls" lang="en">=ASS</item>
                    <item type="msa" lang="en">clphras</item>
                  </morph>
                </morphemes></word>
              <word><item type="txt" lang="con-Latn-EC">tsa</item><morphemes>
                  <morph type="root" guid="d7f713e5-e8cf-11d3-9764-00c04f186933">
                    <item type="txt" lang="con-Latn-EC">tsa</item>
                    <item type="cf" lang="con-Latn-EC">tsa</item>
                    <item type="gls" lang="en">ANA</item>
                    <item type="msa" lang="en">dem</item>
                  </morph>
                </morphemes></word>
              <word><item type="txt" lang="con-Latn-EC">o'famajan</item><morphemes>
                  <morph type="stem" guid="d7f713e8-e8cf-11d3-9764-00c04f186933">
                    <item type="txt" lang="con-Latn-EC">o'fa</item>
                    <item type="cf" lang="con-Latn-EC">o'fa</item>
                    <item type="gls" lang="en">liana</item>
                    <item type="msa" lang="en">n</item>
                  </morph>
                  <morph type="enclitic" guid="d7f713e1-e8cf-11d3-9764-00c04f186933">
                    <item type="txt" lang="con-Latn-EC">=ma</item>
                    <item type="cf" lang="con-Latn-EC">=ma</item>
                    <item type="gls" lang="en">=ACC</item>
                    <item type="msa" lang="en">clphras</item>
                  </morph>
                  <morph type="enclitic" guid="d7f713e1-e8cf-11d3-9764-00c04f186933">
                    <item type="txt" lang="con-Latn-EC">=jan</item>
                    <item type="cf" lang="con-Latn-EC">=ja</item>
                    <item type="hn" lang="en">1</item>
                    <item type="gls" lang="en">=CONTR</item>
                    <item type="msa" lang="en">clphras</item>
                  </morph>
                </morphemes></word>
              <word><item type="punct" lang="con-Latn-EC">.</item></word>
            </words><item type="segnum" lang="en">1.6</item><item type="gls" lang="en">Then the father started to teach his son to take this "bejuco".</item><item type="gls" lang="es">El papá empezó a enseñar al hijo a tomar ese bejuco.</item></word>
          <word><words>
              <word><item type="txt" lang="con-Latn-EC">Toya'caen</item><morphemes>
                  <morph type="stem" guid="d7f713e8-e8cf-11d3-9764-00c04f186933">
                    <item type="txt" lang="con-Latn-EC">toya'caen</item>
                    <item type="cf" lang="con-Latn-EC">toya'caen</item>
                    <item type="gls" lang="en">and</item>
                    <item type="msa" lang="en">conn</item>
                  </morph>
                </morphemes></word>
              <word><item type="txt" lang="con-Latn-EC">de</item><morphemes>
                  <morph type="clitic" guid="c2d140e5-7ca9-41f4-a69a-22fc7049dd2c">
                    <item type="txt" lang="con-Latn-EC">de</item>
                    <item type="cf" lang="con-Latn-EC">te</item>
                    <item type="gls" lang="en">REP</item>
                    <item type="msa" lang="en">clclaus</item>
                  </morph>
                </morphemes></word>
              <word><item type="txt" lang="con-Latn-EC">ondiccu'jema</item><morphemes>
                  <morph type="stem" guid="d7f713e8-e8cf-11d3-9764-00c04f186933">
                    <item type="txt" lang="con-Latn-EC">ondiccu'je</item>
                    <item type="cf" lang="con-Latn-EC">ondiccu'je</item>
                    <item type="gls" lang="en">cushma</item>
                    <item type="msa" lang="en">n</item>
                  </morph>
                  <morph type="enclitic" guid="d7f713e1-e8cf-11d3-9764-00c04f186933">
                    <item type="txt" lang="con-Latn-EC">=ma</item>
                    <item type="cf" lang="con-Latn-EC">=ma</item>
                    <item type="gls" lang="en">=ACC</item>
                    <item type="msa" lang="en">clphras</item>
                  </morph>
                </morphemes></word>
              <word><item type="txt" lang="con-Latn-EC">ondiqquiamba</item><morphemes>
                  <morph type="root" guid="d7f713e5-e8cf-11d3-9764-00c04f186933">
                    <item type="txt" lang="con-Latn-EC">ondiqqui</item>
                    <item type="cf" lang="con-Latn-EC">ondiccu</item>
                    <item type="gls" lang="en">put on</item>
                    <item type="msa" lang="en">v</item>
                  </morph>
                  <morph type="suffix" guid="d7f713dd-e8cf-11d3-9764-00c04f186933">
                    <item type="txt" lang="con-Latn-EC">-a</item>
                    <item type="cf" lang="con-Latn-EC">-ña</item>
                    <item type="gls" lang="en">CAUS</item>
                    <item type="msa" lang="en">v:(Val)</item>
                  </morph>
                  <morph type="enclitic" guid="d7f713e1-e8cf-11d3-9764-00c04f186933">
                    <item type="txt" lang="con-Latn-EC">=mba</item>
                    <item type="cf" lang="con-Latn-EC">=pa</item>
                    <item type="hn" lang="en">1</item>
                    <item type="gls" lang="en">=SS</item>
                    <item type="msa" lang="en">clphras</item>
                  </morph>
                </morphemes></word>
              <word><item type="txt" lang="con-Latn-EC">andu'pama'qque</item><morphemes>
                  <morph type="stem" guid="d7f713e8-e8cf-11d3-9764-00c04f186933">
                    <item type="txt" lang="con-Latn-EC">andu'pa</item>
                    <item type="cf" lang="con-Latn-EC">andu'pa</item>
                    <item type="gls" lang="en">bead necklace</item>
                    <item type="msa" lang="en">n</item>
                  </morph>
                  <morph type="enclitic" guid="d7f713e1-e8cf-11d3-9764-00c04f186933">
                    <item type="txt" lang="con-Latn-EC">=ma</item>
                    <item type="cf" lang="con-Latn-EC">=ma</item>
                    <item type="gls" lang="en">=ACC</item>
                    <item type="msa" lang="en">clphras</item>
                  </morph>
                  <morph type="enclitic" guid="d7f713e1-e8cf-11d3-9764-00c04f186933">
                    <item type="txt" lang="con-Latn-EC">='qque</item>
                    <item type="cf" lang="con-Latn-EC">='qque</item>
                    <item type="gls" lang="en">=ADD</item>
                    <item type="msa" lang="en">clphras</item>
                  </morph>
                </morphemes></word>
              <word><item type="txt" lang="con-Latn-EC">andian'ña</item><morphemes>
                  <morph type="root" guid="d7f713e5-e8cf-11d3-9764-00c04f186933">
                    <item type="txt" lang="con-Latn-EC">andi</item>
                    <item type="cf" lang="con-Latn-EC">andu</item>
                    <item type="gls" lang="en">carry on one's back</item>
                    <item type="msa" lang="en">v</item>
                  </morph>
                  <morph type="suffix" guid="d7f713dd-e8cf-11d3-9764-00c04f186933">
                    <item type="txt" lang="con-Latn-EC">-an</item>
                    <item type="cf" lang="con-Latn-EC">-ña</item>
                    <item type="gls" lang="en">CAUS</item>
                    <item type="msa" lang="en">v:(Val)</item>
                  </morph>
                  <morph type="enclitic" guid="d7f713e1-e8cf-11d3-9764-00c04f186933">
                    <item type="txt" lang="con-Latn-EC">='ña</item>
                    <item type="cf" lang="con-Latn-EC">='ya</item>
                    <item type="gls" lang="en">=ASS</item>
                    <item type="msa" lang="en">clphras</item>
                  </morph>
                </morphemes></word>
              <word><item type="punct" lang="con-Latn-EC">.</item></word>
            </words><item type="segnum" lang="en">1.7</item><item type="gls" lang="en">And he told him to put on "cushma" and "chaquira"</item><item type="gls" lang="es">Le mandó ponerse "cushma" y "chaquira", para sentarse a tomar y seguir así...</item></word>
          <word><words>
              <word><item type="txt" lang="con-Latn-EC">Tsonsite</item><morphemes>
                  <morph type="root" guid="d7f713e5-e8cf-11d3-9764-00c04f186933">
                    <item type="txt" lang="con-Latn-EC">tson</item>
                    <item type="cf" lang="con-Latn-EC">tson</item>
                    <item type="gls" lang="en">do</item>
                    <item type="msa" lang="en">v</item>
                  </morph>
                  <morph type="enclitic" guid="d7f713e1-e8cf-11d3-9764-00c04f186933">
                    <item type="txt" lang="con-Latn-EC">=si</item>
                    <item type="cf" lang="con-Latn-EC">=si</item>
                    <item type="hn" lang="en">1</item>
                    <item type="gls" lang="en">=DS</item>
                    <item type="msa" lang="en">clphras</item>
                  </morph>
                  <morph type="enclitic" guid="d7f713e1-e8cf-11d3-9764-00c04f186933">
                    <item type="txt" lang="con-Latn-EC">=te</item>
                    <item type="cf" lang="con-Latn-EC">te</item>
                    <item type="gls" lang="en">=REP</item>
                    <item type="msa" lang="en">clclaus</item>
                  </morph>
                </morphemes></word>
              <word><item type="txt" lang="con-Latn-EC">cu'ipa</item><morphemes>
                  <morph type="root" guid="d7f713e5-e8cf-11d3-9764-00c04f186933">
                    <item type="txt" lang="con-Latn-EC">cu'i</item>
                    <item type="cf" lang="con-Latn-EC">cu'i</item>
                    <item type="gls" lang="en">drink</item>
                    <item type="msa" lang="en">v</item>
                  </morph>
                  <morph type="enclitic" guid="d7f713e1-e8cf-11d3-9764-00c04f186933">
                    <item type="txt" lang="con-Latn-EC">=pa</item>
                    <item type="cf" lang="con-Latn-EC">=pa</item>
                    <item type="hn" lang="en">1</item>
                    <item type="gls" lang="en">=SS</item>
                    <item type="msa" lang="en">clphras</item>
                  </morph>
                </morphemes></word>
              <word><item type="txt" lang="con-Latn-EC">ccusipa</item><morphemes>
                  <morph type="root" guid="d7f713e5-e8cf-11d3-9764-00c04f186933">
                    <item type="txt" lang="con-Latn-EC">ccusi</item>
                    <item type="cf" lang="con-Latn-EC">ccusi</item>
                    <item type="gls" lang="en">get drunk</item>
                    <item type="msa" lang="en">v</item>
                  </morph>
                  <morph type="enclitic" guid="d7f713e1-e8cf-11d3-9764-00c04f186933">
                    <item type="txt" lang="con-Latn-EC">=pa</item>
                    <item type="cf" lang="con-Latn-EC">=pa</item>
                    <item type="hn" lang="en">1</item>
                    <item type="gls" lang="en">=SS</item>
                    <item type="msa" lang="en">clphras</item>
                  </morph>
                </morphemes></word>
              <word><item type="txt" lang="con-Latn-EC">in'namba</item><morphemes>
                  <morph type="root" guid="d7f713e5-e8cf-11d3-9764-00c04f186933">
                    <item type="txt" lang="con-Latn-EC">i'na</item>
                    <item type="cf" lang="con-Latn-EC">i'na</item>
                    <item type="gls" lang="en">cry</item>
                    <item type="msa" lang="en">v</item>
                  </morph>
                  <morph type="enclitic" guid="d7f713e1-e8cf-11d3-9764-00c04f186933">
                    <item type="txt" lang="con-Latn-EC">=mba</item>
                    <item type="cf" lang="con-Latn-EC">=pa</item>
                    <item type="hn" lang="en">1</item>
                    <item type="gls" lang="en">=SS</item>
                    <item type="msa" lang="en">clphras</item>
                  </morph>
                </morphemes></word>
              <word><item type="txt" lang="con-Latn-EC">iyicco'ya</item><morphemes>
                  <morph type="stem" guid="d7f713e8-e8cf-11d3-9764-00c04f186933">
                    <item type="txt" lang="con-Latn-EC">iyicco</item>
                    <item type="cf" lang="con-Latn-EC">iyicco</item>
                    <item type="gls" lang="en">fight</item>
                    <item type="msa" lang="en">v</item>
                  </morph>
                  <morph type="enclitic" guid="d7f713e1-e8cf-11d3-9764-00c04f186933">
                    <item type="txt" lang="con-Latn-EC">='ya</item>
                    <item type="cf" lang="con-Latn-EC">='ya</item>
                    <item type="gls" lang="en">=ASS</item>
                    <item type="msa" lang="en">clphras</item>
                  </morph>
                </morphemes></word>
              <word><item type="punct" lang="con-Latn-EC">.</item></word>
            </words><item type="segnum" lang="en">1.8</item><item type="gls" lang="en">"Chiga" took yajé and got drunk and cried and fought</item><item type="gls" lang="es">"Chiga" tomaba yajé y gritaba y lloraba y peleaba hasta que al fin se aburrió.</item></word>
        </phrases>
      </paragraph>
      <paragraph>
        <phrases>
          <word><words>
              <word><item type="txt" lang="con-Latn-EC">Tise</item><morphemes>
                  <morph type="root" guid="d7f713e5-e8cf-11d3-9764-00c04f186933">
                    <item type="txt" lang="con-Latn-EC">tise</item>
                    <item type="cf" lang="con-Latn-EC">tise</item>
                    <item type="gls" lang="en">3.SG</item>
                    <item type="msa" lang="en">pro</item>
                  </morph>
                </morphemes></word>
              <word><item type="txt" lang="con-Latn-EC">yayate</item><morphemes>
                  <morph type="root" guid="d7f713e5-e8cf-11d3-9764-00c04f186933">
                    <item type="txt" lang="con-Latn-EC">yaya</item>
                    <item type="cf" lang="con-Latn-EC">yaya</item>
                    <item type="gls" lang="en">dad</item>
                    <item type="msa" lang="en">n</item>
                  </morph>
                  <morph type="enclitic" guid="d7f713e1-e8cf-11d3-9764-00c04f186933">
                    <item type="txt" lang="con-Latn-EC">=te</item>
                    <item type="cf" lang="con-Latn-EC">te</item>
                    <item type="gls" lang="en">=REP</item>
                    <item type="msa" lang="en">clclaus</item>
                  </morph>
                </morphemes></word>
              <word><item type="txt" lang="con-Latn-EC">manda'ya</item><morphemes>
                  <morph type="root" guid="d7f713e5-e8cf-11d3-9764-00c04f186933">
                    <item type="txt" lang="con-Latn-EC">manda</item>
                    <item type="cf" lang="con-Latn-EC">manda</item>
                    <item type="gls" lang="en">order</item>
                    <item type="msa" lang="en">v</item>
                  </morph>
                  <morph type="enclitic" guid="d7f713e1-e8cf-11d3-9764-00c04f186933">
                    <item type="txt" lang="con-Latn-EC">='ya</item>
                    <item type="cf" lang="con-Latn-EC">='ya</item>
                    <item type="gls" lang="en">=ASS</item>
                    <item type="msa" lang="en">clphras</item>
                  </morph>
                </morphemes></word>
              <word><item type="txt" lang="con-Latn-EC">cuintsu</item><morphemes>
                  <morph type="stem" guid="d7f713e8-e8cf-11d3-9764-00c04f186933">
                    <item type="txt" lang="con-Latn-EC">cuintsu</item>
                    <item type="cf" lang="con-Latn-EC">cuintsu</item>
                    <item type="gls" lang="en">so that</item>
                    <item type="msa" lang="en">conn</item>
                  </morph>
                </morphemes></word>
              <word><item type="txt" lang="con-Latn-EC">pa'ccoma</item><morphemes>
                  <morph type="stem" guid="d7f713e8-e8cf-11d3-9764-00c04f186933">
                    <item type="txt" lang="con-Latn-EC">pa'cco</item>
                    <item type="cf" lang="con-Latn-EC">pa'cco</item>
                    <item type="gls" lang="en">all</item>
                    <item type="msa" lang="en">quant</item>
                  </morph>
                  <morph type="enclitic" guid="d7f713e1-e8cf-11d3-9764-00c04f186933">
                    <item type="txt" lang="con-Latn-EC">=ma</item>
                    <item type="cf" lang="con-Latn-EC">=ma</item>
                    <item type="gls" lang="en">=ACC</item>
                    <item type="msa" lang="en">clphras</item>
                  </morph>
                </morphemes></word>
              <word><item type="txt" lang="con-Latn-EC">atesupa</item><morphemes>
                  <morph type="root" guid="d7f713e5-e8cf-11d3-9764-00c04f186933">
                    <item type="txt" lang="con-Latn-EC">atesu</item>
                    <item type="cf" lang="con-Latn-EC">atesu</item>
                    <item type="gls" lang="en">know</item>
                    <item type="msa" lang="en">v</item>
                  </morph>
                  <morph type="enclitic" guid="d7f713e1-e8cf-11d3-9764-00c04f186933">
                    <item type="txt" lang="con-Latn-EC">=pa</item>
                    <item type="cf" lang="con-Latn-EC">=pa</item>
                    <item type="hn" lang="en">1</item>
                    <item type="gls" lang="en">=SS</item>
                    <item type="msa" lang="en">clphras</item>
                  </morph>
                </morphemes></word>
              <word><item type="txt" lang="con-Latn-EC">osha'cho</item><morphemes>
                  <morph type="stem" guid="d7f713e8-e8cf-11d3-9764-00c04f186933">
                    <item type="txt" lang="con-Latn-EC">osha'cho</item>
                    <item type="cf" lang="con-Latn-EC">osha'cho</item>
                    <item type="gls" lang="en">everything</item>
                    <item type="msa" lang="en">quant</item>
                  </morph>
                </morphemes></word>
              <word><item type="txt" lang="con-Latn-EC">tsampi'su</item><morphemes>
                  <morph type="root" guid="d7f713e5-e8cf-11d3-9764-00c04f186933">
                    <item type="txt" lang="con-Latn-EC">tsampi</item>
                    <item type="cf" lang="con-Latn-EC">tsampi</item>
                    <item type="gls" lang="en">forest</item>
                    <item type="msa" lang="en">n</item>
                  </morph>
                  <morph type="enclitic" guid="d7f713e1-e8cf-11d3-9764-00c04f186933">
                    <item type="txt" lang="con-Latn-EC">='su</item>
                    <item type="cf" lang="con-Latn-EC">='su</item>
                    <item type="gls" lang="en">=ATTR</item>
                    <item type="msa" lang="en">clphras</item>
                  </morph>
                </morphemes></word>
              <word><item type="txt" lang="con-Latn-EC">aña'choma</item><morphemes>
                  <morph type="root" guid="d7f713e5-e8cf-11d3-9764-00c04f186933">
                    <item type="txt" lang="con-Latn-EC">aña'cho</item>
                    <item type="cf" lang="con-Latn-EC">aña'cho</item>
                    <item type="gls" lang="en">game</item>
                    <item type="msa" lang="en">n</item>
                  </morph>
                  <morph type="enclitic" guid="d7f713e1-e8cf-11d3-9764-00c04f186933">
                    <item type="txt" lang="con-Latn-EC">=ma</item>
                    <item type="cf" lang="con-Latn-EC">=ma</item>
                    <item type="gls" lang="en">=ACC</item>
                    <item type="msa" lang="en">clphras</item>
                  </morph>
                </morphemes></word>
              <word><item type="txt" lang="con-Latn-EC">ttu'seye</item><morphemes>
                  <morph type="stem" guid="d7f713e8-e8cf-11d3-9764-00c04f186933">
                    <item type="txt" lang="con-Latn-EC">ttu'se</item>
                    <item type="cf" lang="con-Latn-EC">ttu'se</item>
                    <item type="gls" lang="en">call</item>
                    <item type="msa" lang="en">v</item>
                  </morph>
                  <morph type="enclitic" guid="d7f713e1-e8cf-11d3-9764-00c04f186933">
                    <item type="txt" lang="con-Latn-EC">=ye</item>
                    <item type="cf" lang="con-Latn-EC">=ye</item>
                    <item type="hn" lang="en">2</item>
                    <item type="gls" lang="en">=ELAT</item>
                    <item type="msa" lang="en">clphras</item>
                  </morph>
                </morphemes></word>
              <word><item type="punct" lang="con-Latn-EC">.</item></word>
            </words><item type="segnum" lang="en">2.1</item><item type="gls" lang="en">His dad then ordered that he continue taking so that he knew everything about calling the hunt</item><item type="gls" lang="es">Entonces pues ya le dijo que tenía que seguir tomando, y para que aprendiera a llamar a la cacerían;</item></word>
          <word><words>
              <word><item type="txt" lang="con-Latn-EC">Cuintsu</item><morphemes>
                  <morph type="stem" guid="d7f713e8-e8cf-11d3-9764-00c04f186933">
                    <item type="txt" lang="con-Latn-EC">cuintsu</item>
                    <item type="cf" lang="con-Latn-EC">cuintsu</item>
                    <item type="gls" lang="en">so that</item>
                    <item type="msa" lang="en">conn</item>
                  </morph>
                </morphemes></word>
              <word><item type="txt" lang="con-Latn-EC">a'indeccuja</item><morphemes>
                  <morph type="root" guid="d7f713e5-e8cf-11d3-9764-00c04f186933">
                    <item type="txt" lang="con-Latn-EC">a'i</item>
                    <item type="cf" lang="con-Latn-EC">a'i</item>
                    <item type="gls" lang="en">person</item>
                    <item type="msa" lang="en">n</item>
                  </morph>
                  <morph type="enclitic" guid="d7f713e1-e8cf-11d3-9764-00c04f186933">
                    <item type="txt" lang="con-Latn-EC">=ndeccu</item>
                    <item type="cf" lang="con-Latn-EC">=ndeccu</item>
                    <item type="gls" lang="en">=PL.HUM</item>
                    <item type="msa" lang="en">clphras</item>
                  </morph>
                  <morph type="enclitic" guid="d7f713e1-e8cf-11d3-9764-00c04f186933">
                    <item type="txt" lang="con-Latn-EC">=ja</item>
                    <item type="cf" lang="con-Latn-EC">=ja</item>
                    <item type="hn" lang="en">1</item>
                    <item type="gls" lang="en">=CONTR</item>
                    <item type="msa" lang="en">clphras</item>
                  </morph>
                </morphemes></word>
              <word><item type="txt" lang="con-Latn-EC">vanambe</item><morphemes>
                  <morph type="root" guid="d7f713e5-e8cf-11d3-9764-00c04f186933">
                    <item type="txt" lang="con-Latn-EC">vana</item>
                    <item type="cf" lang="con-Latn-EC">vana</item>
                    <item type="gls" lang="en">suffer</item>
                    <item type="msa" lang="en">v</item>
                  </morph>
                  <morph type="enclitic" guid="d7f713e1-e8cf-11d3-9764-00c04f186933">
                    <item type="txt" lang="con-Latn-EC">=mbe</item>
                    <item type="cf" lang="con-Latn-EC">=mbe</item>
                    <item type="hn" lang="en">2</item>
                    <item type="gls" lang="en">=ADV.NEG</item>
                    <item type="msa" lang="en">clphras</item>
                  </morph>
                </morphemes></word>
              <word><item type="txt" lang="con-Latn-EC">tsama</item><morphemes>
                  <morph type="root" guid="d7f713e5-e8cf-11d3-9764-00c04f186933">
                    <item type="txt" lang="con-Latn-EC">tsa</item>
                    <item type="cf" lang="con-Latn-EC">tsa</item>
                    <item type="gls" lang="en">ANA</item>
                    <item type="msa" lang="en">dem</item>
                  </morph>
                  <morph type="enclitic" guid="d7f713e1-e8cf-11d3-9764-00c04f186933">
                    <item type="txt" lang="con-Latn-EC">=ma</item>
                    <item type="cf" lang="con-Latn-EC">=ma</item>
                    <item type="gls" lang="en">=ACC</item>
                    <item type="msa" lang="en">clphras</item>
                  </morph>
                </morphemes></word>
              <word><item type="txt" lang="con-Latn-EC">amba</item><morphemes>
                  <morph type="root" guid="d7f713e5-e8cf-11d3-9764-00c04f186933">
                    <item type="txt" lang="con-Latn-EC">a</item>
                    <item type="cf" lang="con-Latn-EC">an</item>
                    <item type="gls" lang="en">eat</item>
                    <item type="msa" lang="en">v</item>
                  </morph>
                  <morph type="enclitic" guid="d7f713e1-e8cf-11d3-9764-00c04f186933">
                    <item type="txt" lang="con-Latn-EC">=mba</item>
                    <item type="cf" lang="con-Latn-EC">=pa</item>
                    <item type="hn" lang="en">1</item>
                    <item type="gls" lang="en">=SS</item>
                    <item type="msa" lang="en">clphras</item>
                  </morph>
                </morphemes></word>
              <word><item type="txt" lang="con-Latn-EC">avujatsse</item><morphemes>
                  <morph type="root" guid="d7f713e5-e8cf-11d3-9764-00c04f186933">
                    <item type="txt" lang="con-Latn-EC">avuja</item>
                    <item type="cf" lang="con-Latn-EC">avuja</item>
                    <item type="gls" lang="en">rejoice</item>
                    <item type="msa" lang="en">v</item>
                  </morph>
                  <morph type="enclitic" guid="d7f713e1-e8cf-11d3-9764-00c04f186933">
                    <item type="txt" lang="con-Latn-EC">=tsse</item>
                    <item type="cf" lang="con-Latn-EC">=tsse</item>
                    <item type="gls" lang="en">=ADV.STAT</item>
                    <item type="msa" lang="en">clphras</item>
                  </morph>
                </morphemes></word>
              <word><item type="txt" lang="con-Latn-EC">canse'faye</item><morphemes>
                  <morph type="stem" guid="d7f713e8-e8cf-11d3-9764-00c04f186933">
                    <item type="txt" lang="con-Latn-EC">canse</item>
                    <item type="cf" lang="con-Latn-EC">canse</item>
                    <item type="gls" lang="en">live</item>
                    <item type="msa" lang="en">v</item>
                  </morph>
                  <morph type="enclitic" guid="d7f713e1-e8cf-11d3-9764-00c04f186933">
                    <item type="txt" lang="con-Latn-EC">='fa</item>
                    <item type="cf" lang="con-Latn-EC">='fa</item>
                    <item type="gls" lang="en">=PL.SBJ</item>
                    <item type="msa" lang="en">clphras</item>
                  </morph>
                  <morph type="enclitic" guid="d7f713e1-e8cf-11d3-9764-00c04f186933">
                    <item type="txt" lang="con-Latn-EC">=ye</item>
                    <item type="cf" lang="con-Latn-EC">=ye</item>
                    <item type="hn" lang="en">2</item>
                    <item type="gls" lang="en">=ELAT</item>
                    <item type="msa" lang="en">clphras</item>
                  </morph>
                </morphemes></word>
              <word><item type="punct" lang="con-Latn-EC">.</item></word>
            </words><item type="segnum" lang="en">2.2</item><item type="gls" lang="en">And so people won't suffer and can eat and be happy.</item><item type="gls" lang="es">y pasando por todos esos trabajos para conseguir comida.</item></word>
          <word><words>
              <word><item type="txt" lang="con-Latn-EC">Tsonsite</item><morphemes>
                  <morph type="root" guid="d7f713e5-e8cf-11d3-9764-00c04f186933">
                    <item type="txt" lang="con-Latn-EC">tson</item>
                    <item type="cf" lang="con-Latn-EC">tson</item>
                    <item type="gls" lang="en">do</item>
                    <item type="msa" lang="en">v</item>
                  </morph>
                  <morph type="enclitic" guid="d7f713e1-e8cf-11d3-9764-00c04f186933">
                    <item type="txt" lang="con-Latn-EC">=si</item>
                    <item type="cf" lang="con-Latn-EC">=si</item>
                    <item type="hn" lang="en">1</item>
                    <item type="gls" lang="en">=DS</item>
                    <item type="msa" lang="en">clphras</item>
                  </morph>
                  <morph type="enclitic" guid="d7f713e1-e8cf-11d3-9764-00c04f186933">
                    <item type="txt" lang="con-Latn-EC">=te</item>
                    <item type="cf" lang="con-Latn-EC">te</item>
                    <item type="gls" lang="en">=REP</item>
                    <item type="msa" lang="en">clclaus</item>
                  </morph>
                </morphemes></word>
              <word><item type="txt" lang="con-Latn-EC">Chigaja</item><morphemes>
                  <morph type="root" guid="d7f713e5-e8cf-11d3-9764-00c04f186933">
                    <item type="txt" lang="con-Latn-EC">Chiga</item>
                    <item type="cf" lang="con-Latn-EC">Chiga</item>
                    <item type="gls" lang="en">Chiga</item>
                    <item type="msa" lang="en">nmyth</item>
                  </morph>
                  <morph type="enclitic" guid="d7f713e1-e8cf-11d3-9764-00c04f186933">
                    <item type="txt" lang="con-Latn-EC">=ja</item>
                    <item type="cf" lang="con-Latn-EC">=ja</item>
                    <item type="hn" lang="en">1</item>
                    <item type="gls" lang="en">=CONTR</item>
                    <item type="msa" lang="en">clphras</item>
                  </morph>
                </morphemes></word>
              <word><item type="txt" lang="con-Latn-EC">cui'je</item><morphemes>
                  <morph type="root" guid="d7f713e5-e8cf-11d3-9764-00c04f186933">
                    <item type="txt" lang="con-Latn-EC">cui'</item>
                    <item type="cf" lang="con-Latn-EC">cu'i</item>
                    <item type="gls" lang="en">drink</item>
                    <item type="msa" lang="en">v</item>
                  </morph>
                  <morph type="suffix" guid="d7f713dd-e8cf-11d3-9764-00c04f186933">
                    <item type="txt" lang="con-Latn-EC">-je</item>
                    <item type="cf" lang="con-Latn-EC">-'je</item>
                    <item type="gls" lang="en">IMPV</item>
                    <item type="msa" lang="en">v:(Asp)</item>
                  </morph>
                </morphemes></word>
              <word><item type="txt" lang="con-Latn-EC">sefacconi</item><morphemes>
                  <morph type="root" guid="d7f713e5-e8cf-11d3-9764-00c04f186933">
                    <item type="txt" lang="con-Latn-EC">sefacco</item>
                    <item type="cf" lang="con-Latn-EC">sefacco</item>
                    <item type="gls" lang="en">heaven</item>
                    <item type="msa" lang="en">n</item>
                  </morph>
                  <morph type="enclitic" guid="d7f713e1-e8cf-11d3-9764-00c04f186933">
                    <item type="txt" lang="con-Latn-EC">=ni</item>
                    <item type="cf" lang="con-Latn-EC">=ni</item>
                    <item type="gls" lang="en">=LOC</item>
                    <item type="msa" lang="en">clphras</item>
                  </morph>
                </morphemes></word>
              <word><item type="txt" lang="con-Latn-EC">ja'ya</item><morphemes>
                  <morph type="root" guid="d7f713e5-e8cf-11d3-9764-00c04f186933">
                    <item type="txt" lang="con-Latn-EC">ja</item>
                    <item type="cf" lang="con-Latn-EC">ja</item>
                    <item type="gls" lang="en">go</item>
                    <item type="msa" lang="en">v</item>
                  </morph>
                  <morph type="enclitic" guid="d7f713e1-e8cf-11d3-9764-00c04f186933">
                    <item type="txt" lang="con-Latn-EC">='ya</item>
                    <item type="cf" lang="con-Latn-EC">='ya</item>
                    <item type="gls" lang="en">=ASS</item>
                    <item type="msa" lang="en">clphras</item>
                  </morph>
                </morphemes></word>
              <word><item type="punct" lang="con-Latn-EC">.</item></word>
            </words><item type="segnum" lang="en">2.3</item><item type="gls" lang="en">"Chiga" continued to take ayahuasca and then went to heaven. </item><item type="gls" lang="es">"Chiga" siguió tomando yajé y luego se subió al cielo.</item></word>
        </phrases>
      </paragraph>
    </paragraphs>
    <languages>
      <language lang="con-Latn-EC" font="Segoe UI" vernacular="true" />
      <language lang="en" font="Segoe UI" vernacular="true" />
      <language lang="es" font="Segoe UI" />
    </languages>
  </interlinear-text>
</document>