﻿<?xml version="1.0" encoding="utf-8"?>
<document xsi:noNamespaceSchemaLocation="file:FlexInterlinear.xsd" xmlns:xsi="http://www.w3.org/2001/XMLSchema-instance">
  <interlinear-text guid="48e41286-2358-4eb4-8599-14a867075e5c">
    <item type="title" lang="con-Latn-EC">112 Monami atesu'cho</item>
    <item type="title" lang="en">The Wise Plum-throated Cotinga</item>
    <item type="title" lang="es">El canto del azulejo</item>
    <item type="source" lang="con-Latn-EC">Blaser, Magdalena "A'indeccu canqque'sune condase'cho"</item>
    <item type="source" lang="en">Blaser, Magdalena "Myths of the Cofán people"</item>
    <item type="source" lang="con-Latn-EC">Blaser, Magdalena "Mitos del pueblo Cofán"</item>
    <paragraphs>
      <paragraph>
        <phrases>
          <word><words>
              <word><item type="txt" lang="con-Latn-EC">Chigate</item><morphemes>
                  <morph type="root" guid="d7f713e5-e8cf-11d3-9764-00c04f186933">
                    <item type="txt" lang="con-Latn-EC">chiga</item>
                    <item type="cf" lang="con-Latn-EC">chiga</item>
                    <item type="gls" lang="en">sun</item>
                    <item type="msa" lang="en">n</item>
                  </morph>
                  <morph type="clitic" guid="c2d140e5-7ca9-41f4-a69a-22fc7049dd2c">
                    <item type="txt" lang="con-Latn-EC">te</item>
                    <item type="cf" lang="con-Latn-EC">te</item>
                    <item type="gls" lang="en">REP</item>
                    <item type="msa" lang="en">clclaus</item>
                  </morph>
                </morphemes></word>
              <word><item type="txt" lang="con-Latn-EC">monaminga</item><morphemes>
                  <morph type="root" guid="d7f713e5-e8cf-11d3-9764-00c04f186933">
                    <item type="txt" lang="con-Latn-EC">monami</item>
                    <item type="cf" lang="con-Latn-EC">monami</item>
                    <item type="gls" lang="en">plum-throated cotinga</item>
                    <item type="msa" lang="en">n</item>
                  </morph>
                  <morph type="enclitic" guid="d7f713e1-e8cf-11d3-9764-00c04f186933">
                    <item type="txt" lang="con-Latn-EC">=nga</item>
                    <item type="cf" lang="con-Latn-EC">=nga</item>
                    <item type="gls" lang="en">=DAT</item>
                    <item type="msa" lang="en">clphras</item>
                  </morph>
                </morphemes></word>
              <word><item type="txt" lang="con-Latn-EC">atesiañe</item><morphemes>
                  <morph type="stem" guid="d7f713e8-e8cf-11d3-9764-00c04f186933">
                    <item type="txt" lang="con-Latn-EC">atesia</item>
                    <item type="cf" lang="con-Latn-EC">atesian</item>
                    <item type="gls" lang="en">teach</item>
                    <item type="msa" lang="en">v</item>
                  </morph>
                  <morph type="enclitic" guid="d7f713e1-e8cf-11d3-9764-00c04f186933">
                    <item type="txt" lang="con-Latn-EC">=ñe</item>
                    <item type="cf" lang="con-Latn-EC">=ye</item>
                    <item type="hn" lang="en">1</item>
                    <item type="gls" lang="en">=INF</item>
                    <item type="msa" lang="en">clphras</item>
                  </morph>
                </morphemes></word>
              <word><item type="txt" lang="con-Latn-EC">in'jan'ña</item><morphemes>
                  <morph type="root" guid="d7f713e5-e8cf-11d3-9764-00c04f186933">
                    <item type="txt" lang="con-Latn-EC">in'jan</item>
                    <item type="cf" lang="con-Latn-EC">in'jan</item>
                    <item type="gls" lang="en">want</item>
                    <item type="msa" lang="en">v</item>
                  </morph>
                  <morph type="enclitic" guid="d7f713e1-e8cf-11d3-9764-00c04f186933">
                    <item type="txt" lang="con-Latn-EC">='ña</item>
                    <item type="cf" lang="con-Latn-EC">='ya</item>
                    <item type="gls" lang="en">=ASS</item>
                    <item type="msa" lang="en">clphras</item>
                  </morph>
                </morphemes></word>
              <word><item type="txt" lang="con-Latn-EC">osha'cho</item><morphemes>
                  <morph type="stem" guid="d7f713e8-e8cf-11d3-9764-00c04f186933">
                    <item type="txt" lang="con-Latn-EC">osha'cho</item>
                    <item type="cf" lang="con-Latn-EC">osha'cho</item>
                    <item type="gls" lang="en">everything</item>
                    <item type="msa" lang="en">quant</item>
                  </morph>
                </morphemes></word>
              <word><item type="txt" lang="con-Latn-EC">aya'fangae</item><morphemes>
                  <morph type="root" guid="d7f713e5-e8cf-11d3-9764-00c04f186933">
                    <item type="txt" lang="con-Latn-EC">aya'fa</item>
                    <item type="cf" lang="con-Latn-EC">aya'fa</item>
                    <item type="gls" lang="en">language</item>
                    <item type="msa" lang="en">n</item>
                  </morph>
                  <morph type="enclitic" guid="d7f713e1-e8cf-11d3-9764-00c04f186933">
                    <item type="txt" lang="con-Latn-EC">=ngae</item>
                    <item type="cf" lang="con-Latn-EC">=ngae</item>
                    <item type="gls" lang="en">=MANN</item>
                    <item type="msa" lang="en">clphras</item>
                  </morph>
                </morphemes></word>
              <word><item type="punct" lang="con-Latn-EC">.</item></word>
            </words><item type="segnum" lang="en">1</item><item type="gls" lang="en">They say that God wanted to teach all of the languages to the plum-throated cotinga.</item><item type="gls" lang="es" /></word>
        </phrases>
      </paragraph>
      <paragraph>
        <phrases>
          <word><words>
              <word><item type="txt" lang="con-Latn-EC">Tsombate</item><morphemes>
                  <morph type="root" guid="d7f713e5-e8cf-11d3-9764-00c04f186933">
                    <item type="txt" lang="con-Latn-EC">tso</item>
                    <item type="cf" lang="con-Latn-EC">tson</item>
                    <item type="gls" lang="en">do</item>
                    <item type="msa" lang="en">v</item>
                  </morph>
                  <morph type="enclitic" guid="d7f713e1-e8cf-11d3-9764-00c04f186933">
                    <item type="txt" lang="con-Latn-EC">=mba</item>
                    <item type="cf" lang="con-Latn-EC">=pa</item>
                    <item type="hn" lang="en">1</item>
                    <item type="gls" lang="en">=SS</item>
                    <item type="msa" lang="en">clphras</item>
                  </morph>
                  <morph type="clitic" guid="c2d140e5-7ca9-41f4-a69a-22fc7049dd2c">
                    <item type="txt" lang="con-Latn-EC">te</item>
                    <item type="cf" lang="con-Latn-EC">te</item>
                    <item type="gls" lang="en">REP</item>
                    <item type="msa" lang="en">clclaus</item>
                  </morph>
                </morphemes></word>
              <word><item type="txt" lang="con-Latn-EC">uque</item><morphemes>
                  <morph type="root" guid="d7f713e5-e8cf-11d3-9764-00c04f186933">
                    <item type="txt" lang="con-Latn-EC">uque</item>
                    <item type="cf" lang="con-Latn-EC">uque</item>
                    <item type="gls" lang="en">oriole</item>
                    <item type="msa" lang="en">n</item>
                  </morph>
                </morphemes></word>
              <word><item type="txt" lang="con-Latn-EC">toya'caen</item><morphemes>
                  <morph type="root" guid="d7f713e5-e8cf-11d3-9764-00c04f186933">
                    <item type="txt" lang="con-Latn-EC">toya</item>
                    <item type="cf" lang="con-Latn-EC">toya</item>
                    <item type="gls" lang="en">still</item>
                    <item type="msa" lang="en">adv</item>
                  </morph>
                  <morph type="enclitic" guid="d7f713e1-e8cf-11d3-9764-00c04f186933">
                    <item type="txt" lang="con-Latn-EC">='ca</item>
                    <item type="cf" lang="con-Latn-EC">='can</item>
                    <item type="gls" lang="en">=CMP</item>
                    <item type="msa" lang="en">clphras</item>
                  </morph>
                  <morph type="enclitic" guid="d7f713e1-e8cf-11d3-9764-00c04f186933">
                    <item type="txt" lang="con-Latn-EC">=en</item>
                    <item type="cf" lang="con-Latn-EC">=e</item>
                    <item type="hn" lang="en">1</item>
                    <item type="gls" lang="en">=ADVR</item>
                    <item type="msa" lang="en">clphras</item>
                  </morph>
                </morphemes></word>
              <word><item type="txt" lang="con-Latn-EC">faesundeccuma</item><morphemes>
                  <morph type="stem" guid="d7f713e8-e8cf-11d3-9764-00c04f186933">
                    <item type="txt" lang="con-Latn-EC">faesu</item>
                    <item type="cf" lang="con-Latn-EC">faesu</item>
                    <item type="gls" lang="en">other</item>
                    <item type="msa" lang="en">quant</item>
                  </morph>
                  <morph type="enclitic" guid="d7f713e1-e8cf-11d3-9764-00c04f186933">
                    <item type="txt" lang="con-Latn-EC">=ndeccu</item>
                    <item type="cf" lang="con-Latn-EC">=ndeccu</item>
                    <item type="gls" lang="en">=PL.HUM</item>
                    <item type="msa" lang="en">clphras</item>
                  </morph>
                  <morph type="enclitic" guid="d7f713e1-e8cf-11d3-9764-00c04f186933">
                    <item type="txt" lang="con-Latn-EC">=ma</item>
                    <item type="cf" lang="con-Latn-EC">=ma</item>
                    <item type="gls" lang="en">=ACC</item>
                    <item type="msa" lang="en">clphras</item>
                  </morph>
                </morphemes></word>
              <word><item type="txt" lang="con-Latn-EC">picco</item><morphemes>
                  <morph type="root" guid="d7f713e5-e8cf-11d3-9764-00c04f186933">
                    <item type="txt" lang="con-Latn-EC">picco</item>
                    <item type="cf" lang="con-Latn-EC">picco</item>
                    <item type="gls" lang="en">cover</item>
                    <item type="msa" lang="en">v</item>
                  </morph>
                </morphemes></word>
              <word><item type="txt" lang="con-Latn-EC">ccani</item><morphemes>
                  <morph type="bound root" guid="d7f713e4-e8cf-11d3-9764-00c04f186933">
                    <item type="txt" lang="con-Latn-EC">*cca</item>
                    <item type="cf" lang="con-Latn-EC">*cca</item>
                    <item type="gls" lang="en">other</item>
                    <item type="msa" lang="en">bnd</item>
                  </morph>
                  <morph type="enclitic" guid="d7f713e1-e8cf-11d3-9764-00c04f186933">
                    <item type="txt" lang="con-Latn-EC">=ni</item>
                    <item type="cf" lang="con-Latn-EC">=ni</item>
                    <item type="gls" lang="en">=LOC</item>
                    <item type="msa" lang="en">clphras</item>
                  </morph>
                </morphemes></word>
              <word><item type="txt" lang="con-Latn-EC">dyaiña'ña</item><morphemes>
                  <morph type="stem" guid="d7f713e8-e8cf-11d3-9764-00c04f186933">
                    <item type="txt" lang="con-Latn-EC">dyaiña</item>
                    <item type="cf" lang="con-Latn-EC">dyaiña</item>
                    <item type="gls" lang="en">place vertically</item>
                    <item type="msa" lang="en">v</item>
                  </morph>
                  <morph type="enclitic" guid="d7f713e1-e8cf-11d3-9764-00c04f186933">
                    <item type="txt" lang="con-Latn-EC">='ña</item>
                    <item type="cf" lang="con-Latn-EC">='ya</item>
                    <item type="gls" lang="en">=ASS</item>
                    <item type="msa" lang="en">clphras</item>
                  </morph>
                </morphemes></word>
              <word><item type="punct" lang="con-Latn-EC">.</item></word>
            </words><item type="segnum" lang="en">2.1</item><item type="gls" lang="en" /><item type="gls" lang="es" /></word>
          <word><words>
              <word><item type="txt" lang="con-Latn-EC">Tsomba</item><morphemes>
                  <morph type="root" guid="d7f713e5-e8cf-11d3-9764-00c04f186933">
                    <item type="txt" lang="con-Latn-EC">tso</item>
                    <item type="cf" lang="con-Latn-EC">tson</item>
                    <item type="gls" lang="en">do</item>
                    <item type="msa" lang="en">v</item>
                  </morph>
                  <morph type="enclitic" guid="d7f713e1-e8cf-11d3-9764-00c04f186933">
                    <item type="txt" lang="con-Latn-EC">=mba</item>
                    <item type="cf" lang="con-Latn-EC">=pa</item>
                    <item type="hn" lang="en">1</item>
                    <item type="gls" lang="en">=SS</item>
                    <item type="msa" lang="en">clphras</item>
                  </morph>
                </morphemes></word>
              <word><item type="txt" lang="con-Latn-EC">monamingayi</item><morphemes>
                  <morph type="root" guid="d7f713e5-e8cf-11d3-9764-00c04f186933">
                    <item type="txt" lang="con-Latn-EC">monami</item>
                    <item type="cf" lang="con-Latn-EC">monami</item>
                    <item type="gls" lang="en">plum-throated cotinga</item>
                    <item type="msa" lang="en">n</item>
                  </morph>
                  <morph type="enclitic" guid="d7f713e1-e8cf-11d3-9764-00c04f186933">
                    <item type="txt" lang="con-Latn-EC">=nga</item>
                    <item type="cf" lang="con-Latn-EC">=nga</item>
                    <item type="gls" lang="en">=DAT</item>
                    <item type="msa" lang="en">clphras</item>
                  </morph>
                  <morph type="enclitic" guid="d7f713e1-e8cf-11d3-9764-00c04f186933">
                    <item type="txt" lang="con-Latn-EC">=yi</item>
                    <item type="cf" lang="con-Latn-EC">=yi</item>
                    <item type="gls" lang="en">=EXCL</item>
                    <item type="msa" lang="en">clphras</item>
                  </morph>
                </morphemes></word>
              <word><item type="txt" lang="con-Latn-EC">atesian'ña</item><morphemes>
                  <morph type="stem" guid="d7f713e8-e8cf-11d3-9764-00c04f186933">
                    <item type="txt" lang="con-Latn-EC">atesian</item>
                    <item type="cf" lang="con-Latn-EC">atesian</item>
                    <item type="gls" lang="en">teach</item>
                    <item type="msa" lang="en">v</item>
                  </morph>
                  <morph type="enclitic" guid="d7f713e1-e8cf-11d3-9764-00c04f186933">
                    <item type="txt" lang="con-Latn-EC">='ña</item>
                    <item type="cf" lang="con-Latn-EC">=ya</item>
                    <item type="gls" lang="en">=IRR</item>
                    <item type="msa" lang="en">clphras</item>
                  </morph>
                </morphemes></word>
              <word><item type="punct" lang="con-Latn-EC">.</item></word>
            </words><item type="segnum" lang="en">2.2</item><item type="gls" lang="en" /><item type="gls" lang="es" /></word>
          <word><words>
              <word><item type="txt" lang="con-Latn-EC">Atesiansi</item><morphemes>
                  <morph type="stem" guid="d7f713e8-e8cf-11d3-9764-00c04f186933">
                    <item type="txt" lang="con-Latn-EC">atesian</item>
                    <item type="cf" lang="con-Latn-EC">atesian</item>
                    <item type="gls" lang="en">teach</item>
                    <item type="msa" lang="en">v</item>
                  </morph>
                  <morph type="enclitic" guid="d7f713e1-e8cf-11d3-9764-00c04f186933">
                    <item type="txt" lang="con-Latn-EC">=si</item>
                    <item type="cf" lang="con-Latn-EC">=si</item>
                    <item type="hn" lang="en">1</item>
                    <item type="gls" lang="en">=DS</item>
                    <item type="msa" lang="en">clphras</item>
                  </morph>
                </morphemes></word>
              <word><item type="txt" lang="con-Latn-EC">monamijan</item><morphemes>
                  <morph type="root" guid="d7f713e5-e8cf-11d3-9764-00c04f186933">
                    <item type="txt" lang="con-Latn-EC">monami</item>
                    <item type="cf" lang="con-Latn-EC">monami</item>
                    <item type="gls" lang="en">plum-throated cotinga</item>
                    <item type="msa" lang="en">n</item>
                  </morph>
                  <morph type="enclitic" guid="d7f713e1-e8cf-11d3-9764-00c04f186933">
                    <item type="txt" lang="con-Latn-EC">=jan</item>
                    <item type="cf" lang="con-Latn-EC">=ja</item>
                    <item type="hn" lang="en">1</item>
                    <item type="gls" lang="en">=CONTR</item>
                    <item type="msa" lang="en">clphras</item>
                  </morph>
                </morphemes></word>
              <word><item type="txt" lang="con-Latn-EC">choen</item><morphemes>
                  <morph type="root" guid="d7f713e5-e8cf-11d3-9764-00c04f186933">
                    <item type="txt" lang="con-Latn-EC">choen</item>
                    <item type="cf" lang="con-Latn-EC">choen</item>
                    <item type="gls" lang="en">ONOM</item>
                    <item type="msa" lang="en">interj</item>
                  </morph>
                </morphemes></word>
              <word><item type="txt" lang="con-Latn-EC">choen</item><morphemes>
                  <morph type="root" guid="d7f713e5-e8cf-11d3-9764-00c04f186933">
                    <item type="txt" lang="con-Latn-EC">choen</item>
                    <item type="cf" lang="con-Latn-EC">choen</item>
                    <item type="gls" lang="en">ONOM</item>
                    <item type="msa" lang="en">interj</item>
                  </morph>
                </morphemes></word>
              <word><item type="txt" lang="con-Latn-EC">toya'caen</item><morphemes>
                  <morph type="root" guid="d7f713e5-e8cf-11d3-9764-00c04f186933">
                    <item type="txt" lang="con-Latn-EC">toya</item>
                    <item type="cf" lang="con-Latn-EC">toya</item>
                    <item type="gls" lang="en">still</item>
                    <item type="msa" lang="en">adv</item>
                  </morph>
                  <morph type="enclitic" guid="d7f713e1-e8cf-11d3-9764-00c04f186933">
                    <item type="txt" lang="con-Latn-EC">='ca</item>
                    <item type="cf" lang="con-Latn-EC">='can</item>
                    <item type="gls" lang="en">=CMP</item>
                    <item type="msa" lang="en">clphras</item>
                  </morph>
                  <morph type="enclitic" guid="d7f713e1-e8cf-11d3-9764-00c04f186933">
                    <item type="txt" lang="con-Latn-EC">=en</item>
                    <item type="cf" lang="con-Latn-EC">=e</item>
                    <item type="hn" lang="en">1</item>
                    <item type="gls" lang="en">=ADVR</item>
                    <item type="msa" lang="en">clphras</item>
                  </morph>
                </morphemes></word>
              <word><item type="txt" lang="con-Latn-EC">tiriri</item><morphemes>
                  <morph type="root" guid="d7f713e5-e8cf-11d3-9764-00c04f186933">
                    <item type="txt" lang="con-Latn-EC">tiriri</item>
                    <item type="cf" lang="con-Latn-EC">tiriri</item>
                    <item type="gls" lang="en">ONOM</item>
                    <item type="msa" lang="en">interj</item>
                  </morph>
                </morphemes></word>
              <word><item type="punct" lang="con-Latn-EC">,</item></word>
              <word><item type="txt" lang="con-Latn-EC">tiriri</item><morphemes>
                  <morph type="root" guid="d7f713e5-e8cf-11d3-9764-00c04f186933">
                    <item type="txt" lang="con-Latn-EC">tiriri</item>
                    <item type="cf" lang="con-Latn-EC">tiriri</item>
                    <item type="gls" lang="en">ONOM</item>
                    <item type="msa" lang="en">interj</item>
                  </morph>
                </morphemes></word>
              <word><item type="txt" lang="con-Latn-EC">qquen</item><morphemes>
                  <morph type="root" guid="d7f713e5-e8cf-11d3-9764-00c04f186933">
                    <item type="txt" lang="con-Latn-EC">qquen</item>
                    <item type="cf" lang="con-Latn-EC">qquen</item>
                    <item type="gls" lang="en">thus</item>
                    <item type="msa" lang="en">adv</item>
                  </morph>
                </morphemes></word>
              <word><item type="txt" lang="con-Latn-EC">tse'ccoeyi</item><morphemes>
                  <morph type="root" guid="d7f713e5-e8cf-11d3-9764-00c04f186933">
                    <item type="txt" lang="con-Latn-EC">tse</item>
                    <item type="cf" lang="con-Latn-EC">tse</item>
                    <item type="gls" lang="en">ANA.LOC</item>
                    <item type="msa" lang="en">dem</item>
                  </morph>
                  <morph type="enclitic" guid="d7f713e1-e8cf-11d3-9764-00c04f186933">
                    <item type="txt" lang="con-Latn-EC">='cco</item>
                    <item type="cf" lang="con-Latn-EC">='cco</item>
                    <item type="gls" lang="en">=SH.ANG</item>
                    <item type="msa" lang="en">clphras</item>
                  </morph>
                  <morph type="enclitic" guid="d7f713e1-e8cf-11d3-9764-00c04f186933">
                    <item type="txt" lang="con-Latn-EC">=e</item>
                    <item type="cf" lang="con-Latn-EC">=e</item>
                    <item type="hn" lang="en">1</item>
                    <item type="gls" lang="en">=ADVR</item>
                    <item type="msa" lang="en">clphras</item>
                  </morph>
                  <morph type="enclitic" guid="d7f713e1-e8cf-11d3-9764-00c04f186933">
                    <item type="txt" lang="con-Latn-EC">=yi</item>
                    <item type="cf" lang="con-Latn-EC">=yi</item>
                    <item type="gls" lang="en">=EXCL</item>
                    <item type="msa" lang="en">clphras</item>
                  </morph>
                </morphemes></word>
              <word><item type="txt" lang="con-Latn-EC">atesu'ya</item><morphemes>
                  <morph type="root" guid="d7f713e5-e8cf-11d3-9764-00c04f186933">
                    <item type="txt" lang="con-Latn-EC">atesu</item>
                    <item type="cf" lang="con-Latn-EC">atesu</item>
                    <item type="gls" lang="en">know</item>
                    <item type="msa" lang="en">v</item>
                  </morph>
                  <morph type="enclitic" guid="d7f713e1-e8cf-11d3-9764-00c04f186933">
                    <item type="txt" lang="con-Latn-EC">='ya</item>
                    <item type="cf" lang="con-Latn-EC">='ya</item>
                    <item type="gls" lang="en">=ASS</item>
                    <item type="msa" lang="en">clphras</item>
                  </morph>
                </morphemes></word>
              <word><item type="punct" lang="con-Latn-EC">.</item></word>
            </words><item type="segnum" lang="en">2.3</item><item type="gls" lang="en" /><item type="gls" lang="es" /></word>
        </phrases>
      </paragraph>
      <paragraph>
        <phrases>
          <word><words>
              <word><item type="txt" lang="con-Latn-EC">Tsa'ma</item><morphemes>
                  <morph type="root" guid="d7f713e5-e8cf-11d3-9764-00c04f186933">
                    <item type="txt" lang="con-Latn-EC">tsa</item>
                    <item type="cf" lang="con-Latn-EC">tsa</item>
                    <item type="gls" lang="en">ANA</item>
                    <item type="msa" lang="en">dem</item>
                  </morph>
                  <morph type="enclitic" guid="d7f713e1-e8cf-11d3-9764-00c04f186933">
                    <item type="txt" lang="con-Latn-EC">='ma</item>
                    <item type="cf" lang="con-Latn-EC">='ma</item>
                    <item type="gls" lang="en">=FRT</item>
                    <item type="msa" lang="en">clphras</item>
                  </morph>
                </morphemes></word>
              <word><item type="txt" lang="con-Latn-EC">cca'ija</item><morphemes>
                  <morph type="stem" guid="d7f713e8-e8cf-11d3-9764-00c04f186933">
                    <item type="txt" lang="con-Latn-EC">cca'i</item>
                    <item type="cf" lang="con-Latn-EC">cca'i</item>
                    <item type="gls" lang="en">other</item>
                    <item type="msa" lang="en">n</item>
                  </morph>
                  <morph type="enclitic" guid="d7f713e1-e8cf-11d3-9764-00c04f186933">
                    <item type="txt" lang="con-Latn-EC">=ja</item>
                    <item type="cf" lang="con-Latn-EC">=ja</item>
                    <item type="hn" lang="en">1</item>
                    <item type="gls" lang="en">=CONTR</item>
                    <item type="msa" lang="en">clphras</item>
                  </morph>
                </morphemes></word>
              <word><item type="txt" lang="con-Latn-EC">biane</item><morphemes>
                  <morph type="bound root" guid="d7f713e4-e8cf-11d3-9764-00c04f186933">
                    <item type="txt" lang="con-Latn-EC">*bia</item>
                    <item type="cf" lang="con-Latn-EC">*bia</item>
                    <item type="gls" lang="en">long</item>
                    <item type="msa" lang="en">bnd</item>
                  </morph>
                  <morph type="enclitic" guid="d7f713e1-e8cf-11d3-9764-00c04f186933">
                    <item type="txt" lang="con-Latn-EC">=ne</item>
                    <item type="cf" lang="con-Latn-EC">=ne</item>
                    <item type="gls" lang="en">=SRC</item>
                    <item type="msa" lang="en">clphras</item>
                  </morph>
                </morphemes></word>
              <word><item type="txt" lang="con-Latn-EC">pañasundeccuja</item><morphemes>
                  <morph type="root" guid="d7f713e5-e8cf-11d3-9764-00c04f186933">
                    <item type="txt" lang="con-Latn-EC">paña</item>
                    <item type="cf" lang="con-Latn-EC">paña</item>
                    <item type="gls" lang="en">hear</item>
                    <item type="msa" lang="en">v</item>
                  </morph>
                  <morph type="enclitic" guid="d7f713e1-e8cf-11d3-9764-00c04f186933">
                    <item type="txt" lang="con-Latn-EC">=su</item>
                    <item type="cf" lang="con-Latn-EC">='su</item>
                    <item type="gls" lang="en">=ATTR</item>
                    <item type="msa" lang="en">clphras</item>
                  </morph>
                  <morph type="enclitic" guid="d7f713e1-e8cf-11d3-9764-00c04f186933">
                    <item type="txt" lang="con-Latn-EC">=ndeccu</item>
                    <item type="cf" lang="con-Latn-EC">=ndeccu</item>
                    <item type="gls" lang="en">=PL.HUM</item>
                    <item type="msa" lang="en">clphras</item>
                  </morph>
                  <morph type="enclitic" guid="d7f713e1-e8cf-11d3-9764-00c04f186933">
                    <item type="txt" lang="con-Latn-EC">=ja</item>
                    <item type="cf" lang="con-Latn-EC">=ja</item>
                    <item type="hn" lang="en">1</item>
                    <item type="gls" lang="en">=CONTR</item>
                    <item type="msa" lang="en">clphras</item>
                  </morph>
                </morphemes></word>
              <word><item type="txt" lang="con-Latn-EC">ti'tsse</item><morphemes>
                  <morph type="stem" guid="d7f713e8-e8cf-11d3-9764-00c04f186933">
                    <item type="txt" lang="con-Latn-EC">ti'tsse</item>
                    <item type="cf" lang="con-Latn-EC">ti'tsse</item>
                    <item type="gls" lang="en">more</item>
                    <item type="msa" lang="en">adv</item>
                  </morph>
                </morphemes></word>
              <word><item type="txt" lang="con-Latn-EC">atesu'fa'ya</item><morphemes>
                  <morph type="root" guid="d7f713e5-e8cf-11d3-9764-00c04f186933">
                    <item type="txt" lang="con-Latn-EC">atesu</item>
                    <item type="cf" lang="con-Latn-EC">atesu</item>
                    <item type="gls" lang="en">know</item>
                    <item type="msa" lang="en">v</item>
                  </morph>
                  <morph type="enclitic" guid="d7f713e1-e8cf-11d3-9764-00c04f186933">
                    <item type="txt" lang="con-Latn-EC">='fa</item>
                    <item type="cf" lang="con-Latn-EC">='fa</item>
                    <item type="gls" lang="en">=PL.SBJ</item>
                    <item type="msa" lang="en">clphras</item>
                  </morph>
                  <morph type="enclitic" guid="d7f713e1-e8cf-11d3-9764-00c04f186933">
                    <item type="txt" lang="con-Latn-EC">='ya</item>
                    <item type="cf" lang="con-Latn-EC">='ya</item>
                    <item type="gls" lang="en">=ASS</item>
                    <item type="msa" lang="en">clphras</item>
                  </morph>
                </morphemes></word>
              <word><item type="punct" lang="con-Latn-EC">.</item></word>
            </words><item type="segnum" lang="en">3.1</item><item type="gls" lang="en" /><item type="gls" lang="es" /></word>
          <word><words>
              <word><item type="txt" lang="con-Latn-EC">Fae'ccote</item><morphemes>
                  <morph type="root" guid="d7f713e5-e8cf-11d3-9764-00c04f186933">
                    <item type="txt" lang="con-Latn-EC">fae</item>
                    <item type="cf" lang="con-Latn-EC">fae</item>
                    <item type="gls" lang="en">one</item>
                    <item type="msa" lang="en">quant</item>
                  </morph>
                  <morph type="enclitic" guid="d7f713e1-e8cf-11d3-9764-00c04f186933">
                    <item type="txt" lang="con-Latn-EC">='cco</item>
                    <item type="cf" lang="con-Latn-EC">='cco</item>
                    <item type="gls" lang="en">=SH.ANG</item>
                    <item type="msa" lang="en">clphras</item>
                  </morph>
                  <morph type="clitic" guid="c2d140e5-7ca9-41f4-a69a-22fc7049dd2c">
                    <item type="txt" lang="con-Latn-EC">te</item>
                    <item type="cf" lang="con-Latn-EC">te</item>
                    <item type="gls" lang="en">REP</item>
                    <item type="msa" lang="en">clclaus</item>
                  </morph>
                </morphemes></word>
              <word><item type="txt" lang="con-Latn-EC">ti'tsse</item><morphemes>
                  <morph type="stem" guid="d7f713e8-e8cf-11d3-9764-00c04f186933">
                    <item type="txt" lang="con-Latn-EC">ti'tsse</item>
                    <item type="cf" lang="con-Latn-EC">ti'tsse</item>
                    <item type="gls" lang="en">more</item>
                    <item type="msa" lang="en">adv</item>
                  </morph>
                </morphemes></word>
              <word><item type="txt" lang="con-Latn-EC">osha'chombe</item><morphemes>
                  <morph type="stem" guid="d7f713e8-e8cf-11d3-9764-00c04f186933">
                    <item type="txt" lang="con-Latn-EC">osha'cho</item>
                    <item type="cf" lang="con-Latn-EC">osha'cho</item>
                    <item type="gls" lang="en">everything</item>
                    <item type="msa" lang="en">quant</item>
                  </morph>
                  <morph type="enclitic" guid="d7f713e1-e8cf-11d3-9764-00c04f186933">
                    <item type="txt" lang="con-Latn-EC">=mbe</item>
                    <item type="cf" lang="con-Latn-EC">=mbe</item>
                    <item type="hn" lang="en">1</item>
                    <item type="gls" lang="en">=BEN</item>
                    <item type="msa" lang="en">clphras</item>
                  </morph>
                </morphemes></word>
              <word><item type="txt" lang="con-Latn-EC">aya'fama</item><morphemes>
                  <morph type="root" guid="d7f713e5-e8cf-11d3-9764-00c04f186933">
                    <item type="txt" lang="con-Latn-EC">aya'fa</item>
                    <item type="cf" lang="con-Latn-EC">aya'fa</item>
                    <item type="gls" lang="en">language</item>
                    <item type="msa" lang="en">n</item>
                  </morph>
                  <morph type="enclitic" guid="d7f713e1-e8cf-11d3-9764-00c04f186933">
                    <item type="txt" lang="con-Latn-EC">=ma</item>
                    <item type="cf" lang="con-Latn-EC">=ma</item>
                    <item type="gls" lang="en">=ACC</item>
                    <item type="msa" lang="en">clphras</item>
                  </morph>
                </morphemes></word>
              <word><item type="txt" lang="con-Latn-EC">atesu'ya</item><morphemes>
                  <morph type="root" guid="d7f713e5-e8cf-11d3-9764-00c04f186933">
                    <item type="txt" lang="con-Latn-EC">atesu</item>
                    <item type="cf" lang="con-Latn-EC">atesu</item>
                    <item type="gls" lang="en">know</item>
                    <item type="msa" lang="en">v</item>
                  </morph>
                  <morph type="enclitic" guid="d7f713e1-e8cf-11d3-9764-00c04f186933">
                    <item type="txt" lang="con-Latn-EC">='ya</item>
                    <item type="cf" lang="con-Latn-EC">='ya</item>
                    <item type="gls" lang="en">=ASS</item>
                    <item type="msa" lang="en">clphras</item>
                  </morph>
                </morphemes></word>
              <word><item type="punct" lang="con-Latn-EC">.</item></word>
            </words><item type="segnum" lang="en">3.2</item><item type="gls" lang="en" /><item type="gls" lang="es" /></word>
        </phrases>
      </paragraph>
    </paragraphs>
    <languages>
      <language lang="con-Latn-EC" font="Segoe UI" vernacular="true" />
      <language lang="en" font="Segoe UI" vernacular="true" />
      <language lang="es" font="Segoe UI" />
    </languages>
  </interlinear-text>
</document>