﻿<?xml version="1.0" encoding="utf-8"?>
<document xsi:noNamespaceSchemaLocation="file:FlexInterlinear.xsd" xmlns:xsi="http://www.w3.org/2001/XMLSchema-instance">
  <interlinear-text guid="bff94e5f-8621-427e-a1ba-c48ba8fa2c40">
    <item type="title" lang="con-Latn-EC">115 Ttesi chan</item>
    <item type="title" lang="en">Jaguar Mother</item>
    <item type="title" lang="es">El madre del tigre</item>
    <item type="source" lang="con-Latn-EC">Blaser, Magdalena "A'indeccu canqque'sune condase'cho"</item>
    <item type="source" lang="en">Blaser, Magdalena "Myths of the Cofán people"</item>
    <item type="source" lang="con-Latn-EC">Blaser, Magdalena "Mitos del pueblo Cofán"</item>
    <paragraphs>
      <paragraph>
        <phrases>
          <word><words>
              <word><item type="txt" lang="con-Latn-EC">Na'embe</item><morphemes>
                  <morph type="root" guid="d7f713e5-e8cf-11d3-9764-00c04f186933">
                    <item type="txt" lang="con-Latn-EC">na'e</item>
                    <item type="cf" lang="con-Latn-EC">na'en</item>
                    <item type="gls" lang="en">river</item>
                    <item type="msa" lang="en">n</item>
                  </morph>
                  <morph type="enclitic" guid="d7f713e1-e8cf-11d3-9764-00c04f186933">
                    <item type="txt" lang="con-Latn-EC">=mbe</item>
                    <item type="cf" lang="con-Latn-EC">=mbe</item>
                    <item type="hn" lang="en">1</item>
                    <item type="gls" lang="en">=BEN</item>
                    <item type="msa" lang="en">clphras</item>
                  </morph>
                </morphemes></word>
              <word><item type="txt" lang="con-Latn-EC">tsutoninde</item><morphemes>
                  <morph type="bound root" guid="d7f713e4-e8cf-11d3-9764-00c04f186933">
                    <item type="txt" lang="con-Latn-EC">*tsuto</item>
                    <item type="cf" lang="con-Latn-EC">*tsuto</item>
                    <item type="gls" lang="en">upriver</item>
                    <item type="msa" lang="en">bnd</item>
                  </morph>
                  <morph type="enclitic" guid="d7f713e1-e8cf-11d3-9764-00c04f186933">
                    <item type="txt" lang="con-Latn-EC">=ni</item>
                    <item type="cf" lang="con-Latn-EC">=ni</item>
                    <item type="gls" lang="en">=LOC</item>
                    <item type="msa" lang="en">clphras</item>
                  </morph>
                  <morph type="enclitic" guid="d7f713e1-e8cf-11d3-9764-00c04f186933">
                    <item type="txt" lang="con-Latn-EC">=nde</item>
                    <item type="cf" lang="con-Latn-EC">te</item>
                    <item type="gls" lang="en">=REP</item>
                    <item type="msa" lang="en">clclaus</item>
                  </morph>
                </morphemes></word>
              <word><item type="txt" lang="con-Latn-EC">ttesi</item><morphemes>
                  <morph type="root" guid="d7f713e5-e8cf-11d3-9764-00c04f186933">
                    <item type="txt" lang="con-Latn-EC">ttesi</item>
                    <item type="cf" lang="con-Latn-EC">ttesi</item>
                    <item type="gls" lang="en">jaguar</item>
                    <item type="msa" lang="en">n</item>
                  </morph>
                </morphemes></word>
              <word><item type="txt" lang="con-Latn-EC">chanjan</item><morphemes>
                  <morph type="root" guid="d7f713e5-e8cf-11d3-9764-00c04f186933">
                    <item type="txt" lang="con-Latn-EC">chan</item>
                    <item type="cf" lang="con-Latn-EC">chan</item>
                    <item type="gls" lang="en">mother</item>
                    <item type="msa" lang="en">n</item>
                  </morph>
                  <morph type="enclitic" guid="d7f713e1-e8cf-11d3-9764-00c04f186933">
                    <item type="txt" lang="con-Latn-EC">=jan</item>
                    <item type="cf" lang="con-Latn-EC">=ja</item>
                    <item type="hn" lang="en">1</item>
                    <item type="gls" lang="en">=CONTR</item>
                    <item type="msa" lang="en">clphras</item>
                  </morph>
                </morphemes></word>
              <word><item type="txt" lang="con-Latn-EC">canse</item><morphemes>
                  <morph type="stem" guid="d7f713e8-e8cf-11d3-9764-00c04f186933">
                    <item type="txt" lang="con-Latn-EC">canse</item>
                    <item type="cf" lang="con-Latn-EC">canse</item>
                    <item type="gls" lang="en">live</item>
                    <item type="msa" lang="en">v</item>
                  </morph>
                </morphemes></word>
              <word><item type="punct" lang="con-Latn-EC">.</item></word>
            </words><item type="segnum" lang="en">1.1</item><item type="gls" lang="en">In the head of the river lives the mother of a tiger.</item><item type="gls" lang="es">En la cabecera del río vive la mamá del tigre.</item></word>
          <word><words>
              <word><item type="txt" lang="con-Latn-EC">Na'en</item><morphemes>
                  <morph type="root" guid="d7f713e5-e8cf-11d3-9764-00c04f186933">
                    <item type="txt" lang="con-Latn-EC">na'en</item>
                    <item type="cf" lang="con-Latn-EC">na'en</item>
                    <item type="gls" lang="en">river</item>
                    <item type="msa" lang="en">n</item>
                  </morph>
                </morphemes></word>
              <word><item type="txt" lang="con-Latn-EC">tsutotate</item><morphemes>
                  <morph type="bound root" guid="d7f713e4-e8cf-11d3-9764-00c04f186933">
                    <item type="txt" lang="con-Latn-EC">*tsuto</item>
                    <item type="cf" lang="con-Latn-EC">*tsuto</item>
                    <item type="gls" lang="en">upriver</item>
                    <item type="msa" lang="en">bnd</item>
                  </morph>
                  <morph type="enclitic" guid="d7f713e1-e8cf-11d3-9764-00c04f186933">
                    <item type="txt" lang="con-Latn-EC">=ta</item>
                    <item type="cf" lang="con-Latn-EC">=ta</item>
                    <item type="gls" lang="en">=NEW</item>
                    <item type="msa" lang="en">clphras</item>
                  </morph>
                  <morph type="enclitic" guid="d7f713e1-e8cf-11d3-9764-00c04f186933">
                    <item type="txt" lang="con-Latn-EC">=te</item>
                    <item type="cf" lang="con-Latn-EC">te</item>
                    <item type="gls" lang="en">=REP</item>
                    <item type="msa" lang="en">clclaus</item>
                  </morph>
                </morphemes></word>
              <word><item type="txt" lang="con-Latn-EC">ttesi</item><morphemes>
                  <morph type="root" guid="d7f713e5-e8cf-11d3-9764-00c04f186933">
                    <item type="txt" lang="con-Latn-EC">ttesi</item>
                    <item type="cf" lang="con-Latn-EC">ttesi</item>
                    <item type="gls" lang="en">jaguar</item>
                    <item type="msa" lang="en">n</item>
                  </morph>
                </morphemes></word>
              <word><item type="txt" lang="con-Latn-EC">tsa'o</item><morphemes>
                  <morph type="root" guid="d7f713e5-e8cf-11d3-9764-00c04f186933">
                    <item type="txt" lang="con-Latn-EC">tsa'o</item>
                    <item type="cf" lang="con-Latn-EC">tsa'o</item>
                    <item type="gls" lang="en">house</item>
                    <item type="msa" lang="en">n</item>
                  </morph>
                </morphemes></word>
              <word><item type="punct" lang="con-Latn-EC">.</item></word>
            </words><item type="segnum" lang="en">1.2</item><item type="gls" lang="en">In the head of the river there is a tiger house.</item><item type="gls" lang="es">En la cabecera del río hay una casa de tigre.</item></word>
          <word><words>
              <word><item type="txt" lang="con-Latn-EC">Tseninde</item><morphemes>
                  <morph type="root" guid="d7f713e5-e8cf-11d3-9764-00c04f186933">
                    <item type="txt" lang="con-Latn-EC">tse</item>
                    <item type="cf" lang="con-Latn-EC">tse</item>
                    <item type="gls" lang="en">ANA.LOC</item>
                    <item type="msa" lang="en">dem</item>
                  </morph>
                  <morph type="enclitic" guid="d7f713e1-e8cf-11d3-9764-00c04f186933">
                    <item type="txt" lang="con-Latn-EC">=ni</item>
                    <item type="cf" lang="con-Latn-EC">=ni</item>
                    <item type="gls" lang="en">=LOC</item>
                    <item type="msa" lang="en">clphras</item>
                  </morph>
                  <morph type="enclitic" guid="d7f713e1-e8cf-11d3-9764-00c04f186933">
                    <item type="txt" lang="con-Latn-EC">=nde</item>
                    <item type="cf" lang="con-Latn-EC">te</item>
                    <item type="gls" lang="en">=REP</item>
                    <item type="msa" lang="en">clclaus</item>
                  </morph>
                </morphemes></word>
              <word><item type="txt" lang="con-Latn-EC">pui</item><morphemes>
                  <morph type="root" guid="d7f713e5-e8cf-11d3-9764-00c04f186933">
                    <item type="txt" lang="con-Latn-EC">pui</item>
                    <item type="cf" lang="con-Latn-EC">poi</item>
                    <item type="variantTypes" lang="en">+sp. var. of</item>
                    <item type="gls" lang="en">each</item>
                    <item type="msa" lang="en">quant</item>
                  </morph>
                </morphemes></word>
              <word><item type="txt" lang="con-Latn-EC">coragandeccu</item><morphemes>
                  <morph type="root" guid="d7f713e5-e8cf-11d3-9764-00c04f186933">
                    <item type="txt" lang="con-Latn-EC">coraga</item>
                    <item type="cf" lang="con-Latn-EC">coraga</item>
                    <item type="gls" lang="en">shaman</item>
                    <item type="msa" lang="en">n</item>
                  </morph>
                  <morph type="enclitic" guid="d7f713e1-e8cf-11d3-9764-00c04f186933">
                    <item type="txt" lang="con-Latn-EC">=ndeccu</item>
                    <item type="cf" lang="con-Latn-EC">=ndeccu</item>
                    <item type="gls" lang="en">=PL.HUM</item>
                    <item type="msa" lang="en">clphras</item>
                  </morph>
                </morphemes></word>
              <word><item type="txt" lang="con-Latn-EC">pa'fa'nijan</item><morphemes>
                  <morph type="root" guid="d7f713e5-e8cf-11d3-9764-00c04f186933">
                    <item type="txt" lang="con-Latn-EC">pa</item>
                    <item type="cf" lang="con-Latn-EC">pa</item>
                    <item type="gls" lang="en">die</item>
                    <item type="msa" lang="en">v</item>
                  </morph>
                  <morph type="enclitic" guid="d7f713e1-e8cf-11d3-9764-00c04f186933">
                    <item type="txt" lang="con-Latn-EC">='fa</item>
                    <item type="cf" lang="con-Latn-EC">='fa</item>
                    <item type="gls" lang="en">=PL.SBJ</item>
                    <item type="msa" lang="en">clphras</item>
                  </morph>
                  <morph type="enclitic" guid="d7f713e1-e8cf-11d3-9764-00c04f186933">
                    <item type="txt" lang="con-Latn-EC">='ni</item>
                    <item type="cf" lang="con-Latn-EC">=ni</item>
                    <item type="gls" lang="en">=LOC</item>
                    <item type="msa" lang="en">clphras</item>
                  </morph>
                  <morph type="enclitic" guid="d7f713e1-e8cf-11d3-9764-00c04f186933">
                    <item type="txt" lang="con-Latn-EC">=jan</item>
                    <item type="cf" lang="con-Latn-EC">=ja</item>
                    <item type="hn" lang="en">1</item>
                    <item type="gls" lang="en">=CONTR</item>
                    <item type="msa" lang="en">clphras</item>
                  </morph>
                </morphemes></word>
              <word><item type="txt" lang="con-Latn-EC">moen'jen'fa</item><morphemes>
                  <morph type="root" guid="d7f713e5-e8cf-11d3-9764-00c04f186933">
                    <item type="txt" lang="con-Latn-EC">moen</item>
                    <item type="cf" lang="con-Latn-EC">moen</item>
                    <item type="gls" lang="en">send</item>
                    <item type="msa" lang="en">v</item>
                  </morph>
                  <morph type="suffix" guid="d7f713dd-e8cf-11d3-9764-00c04f186933">
                    <item type="txt" lang="con-Latn-EC">-'je</item>
                    <item type="cf" lang="con-Latn-EC">-'je</item>
                    <item type="gls" lang="en">IMPV</item>
                    <item type="msa" lang="en">v:(Asp)</item>
                  </morph>
                  <morph type="enclitic" guid="d7f713e1-e8cf-11d3-9764-00c04f186933">
                    <item type="txt" lang="con-Latn-EC">='fa</item>
                    <item type="cf" lang="con-Latn-EC">='fa</item>
                    <item type="gls" lang="en">=PL.SBJ</item>
                    <item type="msa" lang="en">clphras</item>
                  </morph>
                </morphemes></word>
              <word><item type="punct" lang="con-Latn-EC">.</item></word>
            </words><item type="segnum" lang="en">1.3</item><item type="gls" lang="en">There they send the shamans when they die</item><item type="gls" lang="es">Allá lo mandan cuando una persona curaca muere</item></word>
          <word><words>
              <word><item type="txt" lang="con-Latn-EC">Tsonsite</item><morphemes>
                  <morph type="root" guid="d7f713e5-e8cf-11d3-9764-00c04f186933">
                    <item type="txt" lang="con-Latn-EC">tson</item>
                    <item type="cf" lang="con-Latn-EC">tson</item>
                    <item type="gls" lang="en">do</item>
                    <item type="msa" lang="en">v</item>
                  </morph>
                  <morph type="enclitic" guid="d7f713e1-e8cf-11d3-9764-00c04f186933">
                    <item type="txt" lang="con-Latn-EC">=si</item>
                    <item type="cf" lang="con-Latn-EC">=si</item>
                    <item type="hn" lang="en">1</item>
                    <item type="gls" lang="en">=DS</item>
                    <item type="msa" lang="en">clphras</item>
                  </morph>
                  <morph type="enclitic" guid="d7f713e1-e8cf-11d3-9764-00c04f186933">
                    <item type="txt" lang="con-Latn-EC">=te</item>
                    <item type="cf" lang="con-Latn-EC">te</item>
                    <item type="gls" lang="en">=REP</item>
                    <item type="msa" lang="en">clclaus</item>
                  </morph>
                </morphemes></word>
              <word><item type="txt" lang="con-Latn-EC">tseni</item><morphemes>
                  <morph type="root" guid="d7f713e5-e8cf-11d3-9764-00c04f186933">
                    <item type="txt" lang="con-Latn-EC">tse</item>
                    <item type="cf" lang="con-Latn-EC">tse</item>
                    <item type="gls" lang="en">ANA.LOC</item>
                    <item type="msa" lang="en">dem</item>
                  </morph>
                  <morph type="enclitic" guid="d7f713e1-e8cf-11d3-9764-00c04f186933">
                    <item type="txt" lang="con-Latn-EC">=ni</item>
                    <item type="cf" lang="con-Latn-EC">=ni</item>
                    <item type="gls" lang="en">=LOC</item>
                    <item type="msa" lang="en">clphras</item>
                  </morph>
                </morphemes></word>
              <word><item type="txt" lang="con-Latn-EC">ttesive</item><morphemes>
                  <morph type="root" guid="d7f713e5-e8cf-11d3-9764-00c04f186933">
                    <item type="txt" lang="con-Latn-EC">ttesi</item>
                    <item type="cf" lang="con-Latn-EC">ttesi</item>
                    <item type="gls" lang="en">jaguar</item>
                    <item type="msa" lang="en">n</item>
                  </morph>
                  <morph type="enclitic" guid="d7f713e1-e8cf-11d3-9764-00c04f186933">
                    <item type="txt" lang="con-Latn-EC">=ve</item>
                    <item type="cf" lang="con-Latn-EC">=ve</item>
                    <item type="gls" lang="en">=ACC2</item>
                    <item type="msa" lang="en">clphras</item>
                  </morph>
                </morphemes></word>
              <word><item type="txt" lang="con-Latn-EC">dapa</item><morphemes>
                  <morph type="root" guid="d7f713e5-e8cf-11d3-9764-00c04f186933">
                    <item type="txt" lang="con-Latn-EC">da</item>
                    <item type="cf" lang="con-Latn-EC">da</item>
                    <item type="hn" lang="en">1</item>
                    <item type="gls" lang="en">become</item>
                    <item type="msa" lang="en">v</item>
                  </morph>
                  <morph type="enclitic" guid="d7f713e1-e8cf-11d3-9764-00c04f186933">
                    <item type="txt" lang="con-Latn-EC">=pa</item>
                    <item type="cf" lang="con-Latn-EC">=pa</item>
                    <item type="hn" lang="en">1</item>
                    <item type="gls" lang="en">=SS</item>
                    <item type="msa" lang="en">clphras</item>
                  </morph>
                </morphemes></word>
              <word><item type="txt" lang="con-Latn-EC">canse'fa</item><morphemes>
                  <morph type="stem" guid="d7f713e8-e8cf-11d3-9764-00c04f186933">
                    <item type="txt" lang="con-Latn-EC">canse</item>
                    <item type="cf" lang="con-Latn-EC">canse</item>
                    <item type="gls" lang="en">live</item>
                    <item type="msa" lang="en">v</item>
                  </morph>
                  <morph type="enclitic" guid="d7f713e1-e8cf-11d3-9764-00c04f186933">
                    <item type="txt" lang="con-Latn-EC">='fa</item>
                    <item type="cf" lang="con-Latn-EC">='fa</item>
                    <item type="gls" lang="en">=PL.SBJ</item>
                    <item type="msa" lang="en">clphras</item>
                  </morph>
                </morphemes></word>
              <word><item type="punct" lang="con-Latn-EC">.</item></word>
            </words><item type="segnum" lang="en">1.4</item><item type="gls" lang="en">and then the shaman becomes a tiger.</item><item type="gls" lang="es">y entonces se convierte en tigre.</item></word>
          <word><words>
              <word><item type="txt" lang="con-Latn-EC">Nane</item><morphemes>
                  <morph type="root" guid="d7f713e5-e8cf-11d3-9764-00c04f186933">
                    <item type="txt" lang="con-Latn-EC">nane</item>
                    <item type="cf" lang="con-Latn-EC">nane</item>
                    <item type="gls" lang="en">surely</item>
                    <item type="msa" lang="en">adv</item>
                  </morph>
                </morphemes></word>
              <word><item type="txt" lang="con-Latn-EC">coragandeccu</item><morphemes>
                  <morph type="root" guid="d7f713e5-e8cf-11d3-9764-00c04f186933">
                    <item type="txt" lang="con-Latn-EC">coraga</item>
                    <item type="cf" lang="con-Latn-EC">coraga</item>
                    <item type="gls" lang="en">shaman</item>
                    <item type="msa" lang="en">n</item>
                  </morph>
                  <morph type="enclitic" guid="d7f713e1-e8cf-11d3-9764-00c04f186933">
                    <item type="txt" lang="con-Latn-EC">=ndeccu</item>
                    <item type="cf" lang="con-Latn-EC">=ndeccu</item>
                    <item type="gls" lang="en">=PL.HUM</item>
                    <item type="msa" lang="en">clphras</item>
                  </morph>
                </morphemes></word>
              <word><item type="txt" lang="con-Latn-EC">ttesive</item><morphemes>
                  <morph type="root" guid="d7f713e5-e8cf-11d3-9764-00c04f186933">
                    <item type="txt" lang="con-Latn-EC">ttesi</item>
                    <item type="cf" lang="con-Latn-EC">ttesi</item>
                    <item type="gls" lang="en">jaguar</item>
                    <item type="msa" lang="en">n</item>
                  </morph>
                  <morph type="enclitic" guid="d7f713e1-e8cf-11d3-9764-00c04f186933">
                    <item type="txt" lang="con-Latn-EC">=ve</item>
                    <item type="cf" lang="con-Latn-EC">=ve</item>
                    <item type="gls" lang="en">=ACC2</item>
                    <item type="msa" lang="en">clphras</item>
                  </morph>
                </morphemes></word>
              <word><item type="txt" lang="con-Latn-EC">dasi</item><morphemes>
                  <morph type="root" guid="d7f713e5-e8cf-11d3-9764-00c04f186933">
                    <item type="txt" lang="con-Latn-EC">da</item>
                    <item type="cf" lang="con-Latn-EC">da</item>
                    <item type="hn" lang="en">1</item>
                    <item type="gls" lang="en">become</item>
                    <item type="msa" lang="en">v</item>
                  </morph>
                  <morph type="enclitic" guid="d7f713e1-e8cf-11d3-9764-00c04f186933">
                    <item type="txt" lang="con-Latn-EC">=si</item>
                    <item type="cf" lang="con-Latn-EC">=si</item>
                    <item type="hn" lang="en">2</item>
                    <item type="gls" lang="en">=SH.SPN</item>
                    <item type="msa" lang="en">clphras</item>
                  </morph>
                </morphemes></word>
              <word><item type="txt" lang="con-Latn-EC">fi'ttiye</item><morphemes>
                  <morph type="root" guid="d7f713e5-e8cf-11d3-9764-00c04f186933">
                    <item type="txt" lang="con-Latn-EC">fi'tti</item>
                    <item type="cf" lang="con-Latn-EC">fi'tti</item>
                    <item type="gls" lang="en">kill</item>
                    <item type="msa" lang="en">v</item>
                  </morph>
                  <morph type="enclitic" guid="d7f713e1-e8cf-11d3-9764-00c04f186933">
                    <item type="txt" lang="con-Latn-EC">=ye</item>
                    <item type="cf" lang="con-Latn-EC">=ye</item>
                    <item type="hn" lang="en">1</item>
                    <item type="gls" lang="en">=INF</item>
                    <item type="msa" lang="en">clphras</item>
                  </morph>
                </morphemes></word>
              <word><item type="txt" lang="con-Latn-EC">'in'jambi'pate</item><morphemes>
                  <morph type="root" guid="d7f713e5-e8cf-11d3-9764-00c04f186933">
                    <item type="txt" lang="con-Latn-EC">'in'ja</item>
                    <item type="cf" lang="con-Latn-EC">in'jan</item>
                    <item type="gls" lang="en">want</item>
                    <item type="msa" lang="en">v</item>
                  </morph>
                  <morph type="enclitic" guid="d7f713e1-e8cf-11d3-9764-00c04f186933">
                    <item type="txt" lang="con-Latn-EC">=mbi</item>
                    <item type="cf" lang="con-Latn-EC">=mbi</item>
                    <item type="gls" lang="en">=NEG</item>
                    <item type="msa" lang="en">clphras</item>
                  </morph>
                  <morph type="enclitic" guid="d7f713e1-e8cf-11d3-9764-00c04f186933">
                    <item type="txt" lang="con-Latn-EC">='pa</item>
                    <item type="cf" lang="con-Latn-EC">=pa</item>
                    <item type="hn" lang="en">1</item>
                    <item type="gls" lang="en">=SS</item>
                    <item type="msa" lang="en">clphras</item>
                  </morph>
                  <morph type="enclitic" guid="d7f713e1-e8cf-11d3-9764-00c04f186933">
                    <item type="txt" lang="con-Latn-EC">=te</item>
                    <item type="cf" lang="con-Latn-EC">te</item>
                    <item type="gls" lang="en">=REP</item>
                    <item type="msa" lang="en">clclaus</item>
                  </morph>
                </morphemes></word>
              <word><item type="txt" lang="con-Latn-EC">tsa'caen</item><morphemes>
                  <morph type="root" guid="d7f713e5-e8cf-11d3-9764-00c04f186933">
                    <item type="txt" lang="con-Latn-EC">tsa</item>
                    <item type="cf" lang="con-Latn-EC">tsa</item>
                    <item type="gls" lang="en">ANA</item>
                    <item type="msa" lang="en">dem</item>
                  </morph>
                  <morph type="enclitic" guid="d7f713e1-e8cf-11d3-9764-00c04f186933">
                    <item type="txt" lang="con-Latn-EC">='ca</item>
                    <item type="cf" lang="con-Latn-EC">='can</item>
                    <item type="gls" lang="en">=CMP</item>
                    <item type="msa" lang="en">clphras</item>
                  </morph>
                  <morph type="enclitic" guid="d7f713e1-e8cf-11d3-9764-00c04f186933">
                    <item type="txt" lang="con-Latn-EC">=en</item>
                    <item type="cf" lang="con-Latn-EC">=e</item>
                    <item type="hn" lang="en">1</item>
                    <item type="gls" lang="en">=ADVR</item>
                    <item type="msa" lang="en">clphras</item>
                  </morph>
                </morphemes></word>
              <word><item type="txt" lang="con-Latn-EC">tsenijan</item><morphemes>
                  <morph type="root" guid="d7f713e5-e8cf-11d3-9764-00c04f186933">
                    <item type="txt" lang="con-Latn-EC">tse</item>
                    <item type="cf" lang="con-Latn-EC">tse</item>
                    <item type="gls" lang="en">ANA.LOC</item>
                    <item type="msa" lang="en">dem</item>
                  </morph>
                  <morph type="enclitic" guid="d7f713e1-e8cf-11d3-9764-00c04f186933">
                    <item type="txt" lang="con-Latn-EC">=ni</item>
                    <item type="cf" lang="con-Latn-EC">=ni</item>
                    <item type="gls" lang="en">=LOC</item>
                    <item type="msa" lang="en">clphras</item>
                  </morph>
                  <morph type="enclitic" guid="d7f713e1-e8cf-11d3-9764-00c04f186933">
                    <item type="txt" lang="con-Latn-EC">=jan</item>
                    <item type="cf" lang="con-Latn-EC">=ja</item>
                    <item type="hn" lang="en">1</item>
                    <item type="gls" lang="en">=CONTR</item>
                    <item type="msa" lang="en">clphras</item>
                  </morph>
                </morphemes></word>
              <word><item type="txt" lang="con-Latn-EC">moen'fa</item><morphemes>
                  <morph type="root" guid="d7f713e5-e8cf-11d3-9764-00c04f186933">
                    <item type="txt" lang="con-Latn-EC">moen</item>
                    <item type="cf" lang="con-Latn-EC">moen</item>
                    <item type="gls" lang="en">send</item>
                    <item type="msa" lang="en">v</item>
                  </morph>
                  <morph type="enclitic" guid="d7f713e1-e8cf-11d3-9764-00c04f186933">
                    <item type="txt" lang="con-Latn-EC">='fa</item>
                    <item type="cf" lang="con-Latn-EC">='fa</item>
                    <item type="gls" lang="en">=PL.SBJ</item>
                    <item type="msa" lang="en">clphras</item>
                  </morph>
                </morphemes></word>
              <word><item type="punct" lang="con-Latn-EC">,</item></word>
              <word><item type="txt" lang="con-Latn-EC">cuintsu</item><morphemes>
                  <morph type="stem" guid="d7f713e8-e8cf-11d3-9764-00c04f186933">
                    <item type="txt" lang="con-Latn-EC">cuintsu</item>
                    <item type="cf" lang="con-Latn-EC">cuintsu</item>
                    <item type="gls" lang="en">so that</item>
                    <item type="msa" lang="en">conn</item>
                  </morph>
                </morphemes></word>
              <word><item type="txt" lang="con-Latn-EC">tseni</item><morphemes>
                  <morph type="root" guid="d7f713e5-e8cf-11d3-9764-00c04f186933">
                    <item type="txt" lang="con-Latn-EC">tse</item>
                    <item type="cf" lang="con-Latn-EC">tse</item>
                    <item type="gls" lang="en">ANA.LOC</item>
                    <item type="msa" lang="en">dem</item>
                  </morph>
                  <morph type="enclitic" guid="d7f713e1-e8cf-11d3-9764-00c04f186933">
                    <item type="txt" lang="con-Latn-EC">=ni</item>
                    <item type="cf" lang="con-Latn-EC">=ni</item>
                    <item type="gls" lang="en">=LOC</item>
                    <item type="msa" lang="en">clphras</item>
                  </morph>
                </morphemes></word>
              <word><item type="txt" lang="con-Latn-EC">tsangae</item><morphemes>
                  <morph type="root" guid="d7f713e5-e8cf-11d3-9764-00c04f186933">
                    <item type="txt" lang="con-Latn-EC">tsa</item>
                    <item type="cf" lang="con-Latn-EC">tsa</item>
                    <item type="gls" lang="en">ANA</item>
                    <item type="msa" lang="en">dem</item>
                  </morph>
                  <morph type="enclitic" guid="d7f713e1-e8cf-11d3-9764-00c04f186933">
                    <item type="txt" lang="con-Latn-EC">=ngae</item>
                    <item type="cf" lang="con-Latn-EC">=ngae</item>
                    <item type="gls" lang="en">=MANN</item>
                    <item type="msa" lang="en">clphras</item>
                  </morph>
                </morphemes></word>
              <word><item type="txt" lang="con-Latn-EC">canse'faye</item><morphemes>
                  <morph type="stem" guid="d7f713e8-e8cf-11d3-9764-00c04f186933">
                    <item type="txt" lang="con-Latn-EC">canse</item>
                    <item type="cf" lang="con-Latn-EC">canse</item>
                    <item type="gls" lang="en">live</item>
                    <item type="msa" lang="en">v</item>
                  </morph>
                  <morph type="enclitic" guid="d7f713e1-e8cf-11d3-9764-00c04f186933">
                    <item type="txt" lang="con-Latn-EC">='fa</item>
                    <item type="cf" lang="con-Latn-EC">='fa</item>
                    <item type="gls" lang="en">=PL.SBJ</item>
                    <item type="msa" lang="en">clphras</item>
                  </morph>
                  <morph type="enclitic" guid="d7f713e1-e8cf-11d3-9764-00c04f186933">
                    <item type="txt" lang="con-Latn-EC">=ye</item>
                    <item type="cf" lang="con-Latn-EC">=ye</item>
                    <item type="hn" lang="en">1</item>
                    <item type="gls" lang="en">=INF</item>
                    <item type="msa" lang="en">clphras</item>
                  </morph>
                </morphemes></word>
              <word><item type="punct" lang="con-Latn-EC">.</item></word>
            </words><item type="segnum" lang="en">1.5</item><item type="gls" lang="en" /><item type="gls" lang="es">Cuando no le quieren matar allá lo mandan para que viva.</item></word>
        </phrases>
      </paragraph>
      <paragraph>
        <phrases>
          <word><words>
              <word><item type="txt" lang="con-Latn-EC">Pui</item><morphemes>
                  <morph type="root" guid="d7f713e5-e8cf-11d3-9764-00c04f186933">
                    <item type="txt" lang="con-Latn-EC">pui</item>
                    <item type="cf" lang="con-Latn-EC">poi</item>
                    <item type="variantTypes" lang="en">+sp. var. of</item>
                    <item type="gls" lang="en">each</item>
                    <item type="msa" lang="en">quant</item>
                  </morph>
                </morphemes></word>
              <word><item type="txt" lang="con-Latn-EC">coragandeccute</item><morphemes>
                  <morph type="root" guid="d7f713e5-e8cf-11d3-9764-00c04f186933">
                    <item type="txt" lang="con-Latn-EC">coraga</item>
                    <item type="cf" lang="con-Latn-EC">coraga</item>
                    <item type="gls" lang="en">shaman</item>
                    <item type="msa" lang="en">n</item>
                  </morph>
                  <morph type="enclitic" guid="d7f713e1-e8cf-11d3-9764-00c04f186933">
                    <item type="txt" lang="con-Latn-EC">=ndeccu</item>
                    <item type="cf" lang="con-Latn-EC">=ndeccu</item>
                    <item type="gls" lang="en">=PL.HUM</item>
                    <item type="msa" lang="en">clphras</item>
                  </morph>
                  <morph type="enclitic" guid="d7f713e1-e8cf-11d3-9764-00c04f186933">
                    <item type="txt" lang="con-Latn-EC">=te</item>
                    <item type="cf" lang="con-Latn-EC">te</item>
                    <item type="gls" lang="en">=REP</item>
                    <item type="msa" lang="en">clclaus</item>
                  </morph>
                </morphemes></word>
              <word><item type="txt" lang="con-Latn-EC">ondiccu'jema</item><morphemes>
                  <morph type="stem" guid="d7f713e8-e8cf-11d3-9764-00c04f186933">
                    <item type="txt" lang="con-Latn-EC">ondiccu'je</item>
                    <item type="cf" lang="con-Latn-EC">ondiccu'je</item>
                    <item type="gls" lang="en">cushma</item>
                    <item type="msa" lang="en">n</item>
                  </morph>
                  <morph type="enclitic" guid="d7f713e1-e8cf-11d3-9764-00c04f186933">
                    <item type="txt" lang="con-Latn-EC">=ma</item>
                    <item type="cf" lang="con-Latn-EC">=ma</item>
                    <item type="gls" lang="en">=ACC</item>
                    <item type="msa" lang="en">clphras</item>
                  </morph>
                </morphemes></word>
              <word><item type="txt" lang="con-Latn-EC">ondiccuchoqquia'caen</item><morphemes>
                  <morph type="root" guid="d7f713e5-e8cf-11d3-9764-00c04f186933">
                    <item type="txt" lang="con-Latn-EC">ondiccu</item>
                    <item type="cf" lang="con-Latn-EC">ondiccu</item>
                    <item type="gls" lang="en">put on</item>
                    <item type="msa" lang="en">v</item>
                  </morph>
                  <morph type="enclitic" guid="d7f713e1-e8cf-11d3-9764-00c04f186933">
                    <item type="txt" lang="con-Latn-EC">=cho</item>
                    <item type="cf" lang="con-Latn-EC">='cho</item>
                    <item type="hn" lang="en">1</item>
                    <item type="gls" lang="en">=SBRD</item>
                    <item type="msa" lang="en">clphras</item>
                  </morph>
                  <morph type="enclitic" guid="d7f713e1-e8cf-11d3-9764-00c04f186933">
                    <item type="txt" lang="con-Latn-EC">=qquia'ca</item>
                    <item type="cf" lang="con-Latn-EC">=qquia'can</item>
                    <item type="gls" lang="en">=SIM</item>
                    <item type="msa" lang="en">clphras</item>
                  </morph>
                  <morph type="enclitic" guid="d7f713e1-e8cf-11d3-9764-00c04f186933">
                    <item type="txt" lang="con-Latn-EC">=en</item>
                    <item type="cf" lang="con-Latn-EC">=e</item>
                    <item type="hn" lang="en">1</item>
                    <item type="gls" lang="en">=ADVR</item>
                    <item type="msa" lang="en">clphras</item>
                  </morph>
                </morphemes></word>
              <word><item type="txt" lang="con-Latn-EC">ttesimbema</item><morphemes>
                  <morph type="root" guid="d7f713e5-e8cf-11d3-9764-00c04f186933">
                    <item type="txt" lang="con-Latn-EC">ttesi</item>
                    <item type="cf" lang="con-Latn-EC">ttesi</item>
                    <item type="gls" lang="en">jaguar</item>
                    <item type="msa" lang="en">n</item>
                  </morph>
                  <morph type="enclitic" guid="d7f713e1-e8cf-11d3-9764-00c04f186933">
                    <item type="txt" lang="con-Latn-EC">=mbe</item>
                    <item type="cf" lang="con-Latn-EC">=mbe</item>
                    <item type="hn" lang="en">1</item>
                    <item type="gls" lang="en">=BEN</item>
                    <item type="msa" lang="en">clphras</item>
                  </morph>
                  <morph type="enclitic" guid="d7f713e1-e8cf-11d3-9764-00c04f186933">
                    <item type="txt" lang="con-Latn-EC">=ma</item>
                    <item type="cf" lang="con-Latn-EC">=ma</item>
                    <item type="gls" lang="en">=ACC</item>
                    <item type="msa" lang="en">clphras</item>
                  </morph>
                </morphemes></word>
              <word><item type="txt" lang="con-Latn-EC">an'bian'fa</item><morphemes>
                  <morph type="root" guid="d7f713e5-e8cf-11d3-9764-00c04f186933">
                    <item type="txt" lang="con-Latn-EC">a'mbian</item>
                    <item type="cf" lang="con-Latn-EC">a'mbian</item>
                    <item type="gls" lang="en">have</item>
                    <item type="msa" lang="en">v</item>
                  </morph>
                  <morph type="enclitic" guid="d7f713e1-e8cf-11d3-9764-00c04f186933">
                    <item type="txt" lang="con-Latn-EC">='fa</item>
                    <item type="cf" lang="con-Latn-EC">='fa</item>
                    <item type="gls" lang="en">=PL.SBJ</item>
                    <item type="msa" lang="en">clphras</item>
                  </morph>
                </morphemes></word>
              <word><item type="punct" lang="con-Latn-EC">.</item></word>
            </words><item type="segnum" lang="en">2.1</item><item type="gls" lang="en" /><item type="gls" lang="es">El volverse tigre es como ponerse una cushma.</item></word>
          <word><words>
              <word><item type="txt" lang="con-Latn-EC">Tsa'camba</item><morphemes>
                  <morph type="root" guid="d7f713e5-e8cf-11d3-9764-00c04f186933">
                    <item type="txt" lang="con-Latn-EC">tsa</item>
                    <item type="cf" lang="con-Latn-EC">tsa</item>
                    <item type="gls" lang="en">ANA</item>
                    <item type="msa" lang="en">dem</item>
                  </morph>
                  <morph type="enclitic" guid="d7f713e1-e8cf-11d3-9764-00c04f186933">
                    <item type="txt" lang="con-Latn-EC">='ca</item>
                    <item type="cf" lang="con-Latn-EC">='can</item>
                    <item type="gls" lang="en">=CMP</item>
                    <item type="msa" lang="en">clphras</item>
                  </morph>
                  <morph type="enclitic" guid="d7f713e1-e8cf-11d3-9764-00c04f186933">
                    <item type="txt" lang="con-Latn-EC">=mba</item>
                    <item type="cf" lang="con-Latn-EC">=pa</item>
                    <item type="hn" lang="en">1</item>
                    <item type="gls" lang="en">=SS</item>
                    <item type="msa" lang="en">clphras</item>
                  </morph>
                </morphemes></word>
              <word><item type="txt" lang="con-Latn-EC">tsu</item><morphemes>
                  <morph type="clitic" guid="c2d140e5-7ca9-41f4-a69a-22fc7049dd2c">
                    <item type="txt" lang="con-Latn-EC">tsu</item>
                    <item type="cf" lang="con-Latn-EC">tsu</item>
                    <item type="gls" lang="en">3</item>
                    <item type="msa" lang="en">clpers</item>
                  </morph>
                </morphemes></word>
              <word><item type="txt" lang="con-Latn-EC">pa'ta</item><morphemes>
                  <morph type="root" guid="d7f713e5-e8cf-11d3-9764-00c04f186933">
                    <item type="txt" lang="con-Latn-EC">pa</item>
                    <item type="cf" lang="con-Latn-EC">pa</item>
                    <item type="gls" lang="en">die</item>
                    <item type="msa" lang="en">v</item>
                  </morph>
                  <morph type="enclitic" guid="d7f713e1-e8cf-11d3-9764-00c04f186933">
                    <item type="txt" lang="con-Latn-EC">='ta</item>
                    <item type="cf" lang="con-Latn-EC">=ta</item>
                    <item type="gls" lang="en">=NEW</item>
                    <item type="msa" lang="en">clphras</item>
                  </morph>
                </morphemes></word>
              <word><item type="txt" lang="con-Latn-EC">ttesi</item><morphemes>
                  <morph type="root" guid="d7f713e5-e8cf-11d3-9764-00c04f186933">
                    <item type="txt" lang="con-Latn-EC">ttesi</item>
                    <item type="cf" lang="con-Latn-EC">ttesi</item>
                    <item type="gls" lang="en">jaguar</item>
                    <item type="msa" lang="en">n</item>
                  </morph>
                </morphemes></word>
              <word><item type="txt" lang="con-Latn-EC">ondiccu'jema</item><morphemes>
                  <morph type="root" guid="d7f713e5-e8cf-11d3-9764-00c04f186933">
                    <item type="txt" lang="con-Latn-EC">ondiccu</item>
                    <item type="cf" lang="con-Latn-EC">ondiccu</item>
                    <item type="gls" lang="en">put on</item>
                    <item type="msa" lang="en">v</item>
                  </morph>
                  <morph type="enclitic" guid="d7f713e1-e8cf-11d3-9764-00c04f186933">
                    <item type="txt" lang="con-Latn-EC">='je</item>
                    <item type="cf" lang="con-Latn-EC">=je</item>
                    <item type="gls" lang="en">=SH.FLT</item>
                    <item type="msa" lang="en">clphras</item>
                  </morph>
                  <morph type="enclitic" guid="d7f713e1-e8cf-11d3-9764-00c04f186933">
                    <item type="txt" lang="con-Latn-EC">=ma</item>
                    <item type="cf" lang="con-Latn-EC">=ma</item>
                    <item type="gls" lang="en">=ACC</item>
                    <item type="msa" lang="en">clphras</item>
                  </morph>
                </morphemes></word>
              <word><item type="txt" lang="con-Latn-EC">ondiccupa</item><morphemes>
                  <morph type="root" guid="d7f713e5-e8cf-11d3-9764-00c04f186933">
                    <item type="txt" lang="con-Latn-EC">ondiccu</item>
                    <item type="cf" lang="con-Latn-EC">ondiccu</item>
                    <item type="gls" lang="en">put on</item>
                    <item type="msa" lang="en">v</item>
                  </morph>
                  <morph type="enclitic" guid="d7f713e1-e8cf-11d3-9764-00c04f186933">
                    <item type="txt" lang="con-Latn-EC">=pa</item>
                    <item type="cf" lang="con-Latn-EC">=pa</item>
                    <item type="hn" lang="en">1</item>
                    <item type="gls" lang="en">=SS</item>
                    <item type="msa" lang="en">clphras</item>
                  </morph>
                </morphemes></word>
              <word><item type="txt" lang="con-Latn-EC">ttesia'caen</item><morphemes>
                  <morph type="root" guid="d7f713e5-e8cf-11d3-9764-00c04f186933">
                    <item type="txt" lang="con-Latn-EC">ttesi</item>
                    <item type="cf" lang="con-Latn-EC">ttesi</item>
                    <item type="gls" lang="en">jaguar</item>
                    <item type="msa" lang="en">n</item>
                  </morph>
                  <morph type="enclitic" guid="d7f713e1-e8cf-11d3-9764-00c04f186933">
                    <item type="txt" lang="con-Latn-EC">=a</item>
                    <item type="cf" lang="con-Latn-EC">=a</item>
                    <item type="gls" lang="en">=ADJR</item>
                    <item type="msa" lang="en">clphras</item>
                  </morph>
                  <morph type="enclitic" guid="d7f713e1-e8cf-11d3-9764-00c04f186933">
                    <item type="txt" lang="con-Latn-EC">='ca</item>
                    <item type="cf" lang="con-Latn-EC">='can</item>
                    <item type="gls" lang="en">=CMP</item>
                    <item type="msa" lang="en">clphras</item>
                  </morph>
                  <morph type="enclitic" guid="d7f713e1-e8cf-11d3-9764-00c04f186933">
                    <item type="txt" lang="con-Latn-EC">=en</item>
                    <item type="cf" lang="con-Latn-EC">=e</item>
                    <item type="hn" lang="en">1</item>
                    <item type="gls" lang="en">=ADVR</item>
                    <item type="msa" lang="en">clphras</item>
                  </morph>
                </morphemes></word>
              <word><item type="txt" lang="con-Latn-EC">canse'fa</item><morphemes>
                  <morph type="stem" guid="d7f713e8-e8cf-11d3-9764-00c04f186933">
                    <item type="txt" lang="con-Latn-EC">canse</item>
                    <item type="cf" lang="con-Latn-EC">canse</item>
                    <item type="gls" lang="en">live</item>
                    <item type="msa" lang="en">v</item>
                  </morph>
                  <morph type="enclitic" guid="d7f713e1-e8cf-11d3-9764-00c04f186933">
                    <item type="txt" lang="con-Latn-EC">='fa</item>
                    <item type="cf" lang="con-Latn-EC">='fa</item>
                    <item type="gls" lang="en">=PL.SBJ</item>
                    <item type="msa" lang="en">clphras</item>
                  </morph>
                </morphemes></word>
              <word><item type="punct" lang="con-Latn-EC">.</item></word>
            </words><item type="segnum" lang="en">2.2</item><item type="gls" lang="en" /><item type="gls" lang="es">Si una persona curaca se muere se vuelve tigre.</item></word>
        </phrases>
      </paragraph>
      <paragraph>
        <phrases>
          <word><words>
              <word><item type="txt" lang="con-Latn-EC">Coragandeccuta</item><morphemes>
                  <morph type="root" guid="d7f713e5-e8cf-11d3-9764-00c04f186933">
                    <item type="txt" lang="con-Latn-EC">coraga</item>
                    <item type="cf" lang="con-Latn-EC">coraga</item>
                    <item type="gls" lang="en">shaman</item>
                    <item type="msa" lang="en">n</item>
                  </morph>
                  <morph type="enclitic" guid="d7f713e1-e8cf-11d3-9764-00c04f186933">
                    <item type="txt" lang="con-Latn-EC">=ndeccu</item>
                    <item type="cf" lang="con-Latn-EC">=ndeccu</item>
                    <item type="gls" lang="en">=PL.HUM</item>
                    <item type="msa" lang="en">clphras</item>
                  </morph>
                  <morph type="enclitic" guid="d7f713e1-e8cf-11d3-9764-00c04f186933">
                    <item type="txt" lang="con-Latn-EC">=ta</item>
                    <item type="cf" lang="con-Latn-EC">=ta</item>
                    <item type="gls" lang="en">=NEW</item>
                    <item type="msa" lang="en">clphras</item>
                  </morph>
                </morphemes></word>
              <word><item type="txt" lang="con-Latn-EC">te</item><morphemes>
                  <morph type="clitic" guid="c2d140e5-7ca9-41f4-a69a-22fc7049dd2c">
                    <item type="txt" lang="con-Latn-EC">te</item>
                    <item type="cf" lang="con-Latn-EC">te</item>
                    <item type="gls" lang="en">REP</item>
                    <item type="msa" lang="en">clclaus</item>
                  </morph>
                </morphemes></word>
              <word><item type="txt" lang="con-Latn-EC">yajema</item><morphemes>
                  <morph type="root" guid="d7f713e5-e8cf-11d3-9764-00c04f186933">
                    <item type="txt" lang="con-Latn-EC">yaje</item>
                    <item type="cf" lang="con-Latn-EC">yaje</item>
                    <item type="gls" lang="en">ayahuasca</item>
                    <item type="msa" lang="en">n</item>
                  </morph>
                  <morph type="enclitic" guid="d7f713e1-e8cf-11d3-9764-00c04f186933">
                    <item type="txt" lang="con-Latn-EC">=ma</item>
                    <item type="cf" lang="con-Latn-EC">=ma</item>
                    <item type="gls" lang="en">=ACC</item>
                    <item type="msa" lang="en">clphras</item>
                  </morph>
                </morphemes></word>
              <word><item type="txt" lang="con-Latn-EC">injan'tsse</item><morphemes>
                  <morph type="stem" guid="d7f713e8-e8cf-11d3-9764-00c04f186933">
                    <item type="txt" lang="con-Latn-EC">injan'tsse</item>
                    <item type="cf" lang="con-Latn-EC">injan'tsse</item>
                    <item type="gls" lang="en">much</item>
                    <item type="msa" lang="en">adv</item>
                  </morph>
                </morphemes></word>
              <word><item type="txt" lang="con-Latn-EC">cu'ipa</item><morphemes>
                  <morph type="root" guid="d7f713e5-e8cf-11d3-9764-00c04f186933">
                    <item type="txt" lang="con-Latn-EC">cu'i</item>
                    <item type="cf" lang="con-Latn-EC">cu'i</item>
                    <item type="gls" lang="en">drink</item>
                    <item type="msa" lang="en">v</item>
                  </morph>
                  <morph type="enclitic" guid="d7f713e1-e8cf-11d3-9764-00c04f186933">
                    <item type="txt" lang="con-Latn-EC">=pa</item>
                    <item type="cf" lang="con-Latn-EC">=pa</item>
                    <item type="hn" lang="en">1</item>
                    <item type="gls" lang="en">=SS</item>
                    <item type="msa" lang="en">clphras</item>
                  </morph>
                </morphemes></word>
              <word><item type="txt" lang="con-Latn-EC">osha'cho</item><morphemes>
                  <morph type="stem" guid="d7f713e8-e8cf-11d3-9764-00c04f186933">
                    <item type="txt" lang="con-Latn-EC">osha'cho</item>
                    <item type="cf" lang="con-Latn-EC">osha'cho</item>
                    <item type="gls" lang="en">everything</item>
                    <item type="msa" lang="en">quant</item>
                  </morph>
                </morphemes></word>
              <word><item type="txt" lang="con-Latn-EC">tsampini</item><morphemes>
                  <morph type="root" guid="d7f713e5-e8cf-11d3-9764-00c04f186933">
                    <item type="txt" lang="con-Latn-EC">tsampi</item>
                    <item type="cf" lang="con-Latn-EC">tsampi</item>
                    <item type="gls" lang="en">forest</item>
                    <item type="msa" lang="en">n</item>
                  </morph>
                  <morph type="enclitic" guid="d7f713e1-e8cf-11d3-9764-00c04f186933">
                    <item type="txt" lang="con-Latn-EC">=ni</item>
                    <item type="cf" lang="con-Latn-EC">=ni</item>
                    <item type="gls" lang="en">=LOC</item>
                    <item type="msa" lang="en">clphras</item>
                  </morph>
                </morphemes></word>
              <word><item type="txt" lang="con-Latn-EC">canseqque'suve</item><morphemes>
                  <morph type="stem" guid="d7f713e8-e8cf-11d3-9764-00c04f186933">
                    <item type="txt" lang="con-Latn-EC">canse</item>
                    <item type="cf" lang="con-Latn-EC">canse</item>
                    <item type="gls" lang="en">live</item>
                    <item type="msa" lang="en">v</item>
                  </morph>
                  <morph type="enclitic" guid="d7f713e1-e8cf-11d3-9764-00c04f186933">
                    <item type="txt" lang="con-Latn-EC">=qque'su</item>
                    <item type="cf" lang="con-Latn-EC">=qque'su</item>
                    <item type="gls" lang="en">=HAB</item>
                    <item type="msa" lang="en">clphras</item>
                  </morph>
                  <morph type="enclitic" guid="d7f713e1-e8cf-11d3-9764-00c04f186933">
                    <item type="txt" lang="con-Latn-EC">=ve</item>
                    <item type="cf" lang="con-Latn-EC">=ve</item>
                    <item type="gls" lang="en">=ACC2</item>
                    <item type="msa" lang="en">clphras</item>
                  </morph>
                </morphemes></word>
              <word><item type="txt" lang="con-Latn-EC">di'shafa</item><morphemes>
                  <morph type="root" guid="d7f713e5-e8cf-11d3-9764-00c04f186933">
                    <item type="txt" lang="con-Latn-EC">di'sha</item>
                    <item type="cf" lang="con-Latn-EC">di'sha</item>
                    <item type="gls" lang="en">convert into</item>
                    <item type="msa" lang="en">v</item>
                  </morph>
                  <morph type="enclitic" guid="d7f713e1-e8cf-11d3-9764-00c04f186933">
                    <item type="txt" lang="con-Latn-EC">=fa</item>
                    <item type="cf" lang="con-Latn-EC">='fa</item>
                    <item type="gls" lang="en">=PL.SBJ</item>
                    <item type="msa" lang="en">clphras</item>
                  </morph>
                </morphemes></word>
              <word><item type="punct" lang="con-Latn-EC">.</item></word>
            </words><item type="segnum" lang="en">3.1</item><item type="gls" lang="en" /><item type="gls" lang="es">Los shamanes toman yajé y se convierten en tigre u otro animal.</item></word>
          <word><words>
              <word><item type="txt" lang="con-Latn-EC">Tsa'caen</item><morphemes>
                  <morph type="root" guid="d7f713e5-e8cf-11d3-9764-00c04f186933">
                    <item type="txt" lang="con-Latn-EC">tsa</item>
                    <item type="cf" lang="con-Latn-EC">tsa</item>
                    <item type="gls" lang="en">ANA</item>
                    <item type="msa" lang="en">dem</item>
                  </morph>
                  <morph type="enclitic" guid="d7f713e1-e8cf-11d3-9764-00c04f186933">
                    <item type="txt" lang="con-Latn-EC">='ca</item>
                    <item type="cf" lang="con-Latn-EC">='can</item>
                    <item type="gls" lang="en">=CMP</item>
                    <item type="msa" lang="en">clphras</item>
                  </morph>
                  <morph type="enclitic" guid="d7f713e1-e8cf-11d3-9764-00c04f186933">
                    <item type="txt" lang="con-Latn-EC">=en</item>
                    <item type="cf" lang="con-Latn-EC">=e</item>
                    <item type="hn" lang="en">1</item>
                    <item type="gls" lang="en">=ADVR</item>
                    <item type="msa" lang="en">clphras</item>
                  </morph>
                </morphemes></word>
              <word><item type="txt" lang="con-Latn-EC">di'shapate</item><morphemes>
                  <morph type="root" guid="d7f713e5-e8cf-11d3-9764-00c04f186933">
                    <item type="txt" lang="con-Latn-EC">di'sha</item>
                    <item type="cf" lang="con-Latn-EC">di'sha</item>
                    <item type="gls" lang="en">convert into</item>
                    <item type="msa" lang="en">v</item>
                  </morph>
                  <morph type="enclitic" guid="d7f713e1-e8cf-11d3-9764-00c04f186933">
                    <item type="txt" lang="con-Latn-EC">=pa</item>
                    <item type="cf" lang="con-Latn-EC">=pa</item>
                    <item type="hn" lang="en">1</item>
                    <item type="gls" lang="en">=SS</item>
                    <item type="msa" lang="en">clphras</item>
                  </morph>
                  <morph type="enclitic" guid="d7f713e1-e8cf-11d3-9764-00c04f186933">
                    <item type="txt" lang="con-Latn-EC">=te</item>
                    <item type="cf" lang="con-Latn-EC">te</item>
                    <item type="gls" lang="en">=REP</item>
                    <item type="msa" lang="en">clclaus</item>
                  </morph>
                </morphemes></word>
              <word><item type="txt" lang="con-Latn-EC">pa'ta</item><morphemes>
                  <morph type="root" guid="d7f713e5-e8cf-11d3-9764-00c04f186933">
                    <item type="txt" lang="con-Latn-EC">pa</item>
                    <item type="cf" lang="con-Latn-EC">pa</item>
                    <item type="gls" lang="en">die</item>
                    <item type="msa" lang="en">v</item>
                  </morph>
                  <morph type="enclitic" guid="d7f713e1-e8cf-11d3-9764-00c04f186933">
                    <item type="txt" lang="con-Latn-EC">='ta</item>
                    <item type="cf" lang="con-Latn-EC">=ta</item>
                    <item type="gls" lang="en">=NEW</item>
                    <item type="msa" lang="en">clphras</item>
                  </morph>
                </morphemes></word>
              <word><item type="txt" lang="con-Latn-EC">tsesuveyi</item><morphemes>
                  <morph type="stem" guid="d7f713e8-e8cf-11d3-9764-00c04f186933">
                    <item type="txt" lang="con-Latn-EC">tsesu</item>
                    <item type="cf" lang="con-Latn-EC">tse'su</item>
                    <item type="gls" lang="en">DIST2</item>
                    <item type="msa" lang="en">dem</item>
                  </morph>
                  <morph type="enclitic" guid="d7f713e1-e8cf-11d3-9764-00c04f186933">
                    <item type="txt" lang="con-Latn-EC">=ve</item>
                    <item type="cf" lang="con-Latn-EC">=ve</item>
                    <item type="gls" lang="en">=ACC2</item>
                    <item type="msa" lang="en">clphras</item>
                  </morph>
                  <morph type="enclitic" guid="d7f713e1-e8cf-11d3-9764-00c04f186933">
                    <item type="txt" lang="con-Latn-EC">=yi</item>
                    <item type="cf" lang="con-Latn-EC">=yi</item>
                    <item type="gls" lang="en">=EXCL</item>
                    <item type="msa" lang="en">clphras</item>
                  </morph>
                </morphemes></word>
              <word><item type="txt" lang="con-Latn-EC">di'shapa</item><morphemes>
                  <morph type="root" guid="d7f713e5-e8cf-11d3-9764-00c04f186933">
                    <item type="txt" lang="con-Latn-EC">di'sha</item>
                    <item type="cf" lang="con-Latn-EC">di'sha</item>
                    <item type="gls" lang="en">convert into</item>
                    <item type="msa" lang="en">v</item>
                  </morph>
                  <morph type="enclitic" guid="d7f713e1-e8cf-11d3-9764-00c04f186933">
                    <item type="txt" lang="con-Latn-EC">=pa</item>
                    <item type="cf" lang="con-Latn-EC">=pa</item>
                    <item type="hn" lang="en">1</item>
                    <item type="gls" lang="en">=SS</item>
                    <item type="msa" lang="en">clphras</item>
                  </morph>
                </morphemes></word>
              <word><item type="txt" lang="con-Latn-EC">tsangae</item><morphemes>
                  <morph type="root" guid="d7f713e5-e8cf-11d3-9764-00c04f186933">
                    <item type="txt" lang="con-Latn-EC">tsa</item>
                    <item type="cf" lang="con-Latn-EC">tsa</item>
                    <item type="gls" lang="en">ANA</item>
                    <item type="msa" lang="en">dem</item>
                  </morph>
                  <morph type="enclitic" guid="d7f713e1-e8cf-11d3-9764-00c04f186933">
                    <item type="txt" lang="con-Latn-EC">=ngae</item>
                    <item type="cf" lang="con-Latn-EC">=ngae</item>
                    <item type="gls" lang="en">=MANN</item>
                    <item type="msa" lang="en">clphras</item>
                  </morph>
                </morphemes></word>
              <word><item type="txt" lang="con-Latn-EC">tsampini</item><morphemes>
                  <morph type="root" guid="d7f713e5-e8cf-11d3-9764-00c04f186933">
                    <item type="txt" lang="con-Latn-EC">tsampi</item>
                    <item type="cf" lang="con-Latn-EC">tsampi</item>
                    <item type="gls" lang="en">forest</item>
                    <item type="msa" lang="en">n</item>
                  </morph>
                  <morph type="enclitic" guid="d7f713e1-e8cf-11d3-9764-00c04f186933">
                    <item type="txt" lang="con-Latn-EC">=ni</item>
                    <item type="cf" lang="con-Latn-EC">=ni</item>
                    <item type="gls" lang="en">=LOC</item>
                    <item type="msa" lang="en">clphras</item>
                  </morph>
                </morphemes></word>
              <word><item type="txt" lang="con-Latn-EC">canseye</item><morphemes>
                  <morph type="stem" guid="d7f713e8-e8cf-11d3-9764-00c04f186933">
                    <item type="txt" lang="con-Latn-EC">canse</item>
                    <item type="cf" lang="con-Latn-EC">canse</item>
                    <item type="gls" lang="en">live</item>
                    <item type="msa" lang="en">v</item>
                  </morph>
                  <morph type="enclitic" guid="d7f713e1-e8cf-11d3-9764-00c04f186933">
                    <item type="txt" lang="con-Latn-EC">=ye</item>
                    <item type="cf" lang="con-Latn-EC">=ye</item>
                    <item type="hn" lang="en">1</item>
                    <item type="gls" lang="en">=INF</item>
                    <item type="msa" lang="en">clphras</item>
                  </morph>
                </morphemes></word>
              <word><item type="txt" lang="con-Latn-EC">ja'fa</item><morphemes>
                  <morph type="root" guid="d7f713e5-e8cf-11d3-9764-00c04f186933">
                    <item type="txt" lang="con-Latn-EC">ja</item>
                    <item type="cf" lang="con-Latn-EC">ja</item>
                    <item type="gls" lang="en">go</item>
                    <item type="msa" lang="en">v</item>
                  </morph>
                  <morph type="enclitic" guid="d7f713e1-e8cf-11d3-9764-00c04f186933">
                    <item type="txt" lang="con-Latn-EC">='fa</item>
                    <item type="cf" lang="con-Latn-EC">='fa</item>
                    <item type="gls" lang="en">=PL.SBJ</item>
                    <item type="msa" lang="en">clphras</item>
                  </morph>
                </morphemes></word>
              <word><item type="punct" lang="con-Latn-EC">.</item></word>
            </words><item type="segnum" lang="en">3.2</item><item type="gls" lang="en" /><item type="gls" lang="es">Aquella persona cuando muere se convierte en tigre y se va a vivir a la selva.</item></word>
          <word><words>
              <word><item type="txt" lang="con-Latn-EC">Tsa'caen</item><morphemes>
                  <morph type="root" guid="d7f713e5-e8cf-11d3-9764-00c04f186933">
                    <item type="txt" lang="con-Latn-EC">tsa</item>
                    <item type="cf" lang="con-Latn-EC">tsa</item>
                    <item type="gls" lang="en">ANA</item>
                    <item type="msa" lang="en">dem</item>
                  </morph>
                  <morph type="enclitic" guid="d7f713e1-e8cf-11d3-9764-00c04f186933">
                    <item type="txt" lang="con-Latn-EC">='ca</item>
                    <item type="cf" lang="con-Latn-EC">='can</item>
                    <item type="gls" lang="en">=CMP</item>
                    <item type="msa" lang="en">clphras</item>
                  </morph>
                  <morph type="enclitic" guid="d7f713e1-e8cf-11d3-9764-00c04f186933">
                    <item type="txt" lang="con-Latn-EC">=en</item>
                    <item type="cf" lang="con-Latn-EC">=e</item>
                    <item type="hn" lang="en">1</item>
                    <item type="gls" lang="en">=ADVR</item>
                    <item type="msa" lang="en">clphras</item>
                  </morph>
                </morphemes></word>
              <word><item type="txt" lang="con-Latn-EC">japa</item><morphemes>
                  <morph type="root" guid="d7f713e5-e8cf-11d3-9764-00c04f186933">
                    <item type="txt" lang="con-Latn-EC">ja</item>
                    <item type="cf" lang="con-Latn-EC">ja</item>
                    <item type="gls" lang="en">go</item>
                    <item type="msa" lang="en">v</item>
                  </morph>
                  <morph type="enclitic" guid="d7f713e1-e8cf-11d3-9764-00c04f186933">
                    <item type="txt" lang="con-Latn-EC">=pa</item>
                    <item type="cf" lang="con-Latn-EC">=pa</item>
                    <item type="hn" lang="en">1</item>
                    <item type="gls" lang="en">=SS</item>
                    <item type="msa" lang="en">clphras</item>
                  </morph>
                </morphemes></word>
              <word><item type="txt" lang="con-Latn-EC">te</item><morphemes>
                  <morph type="clitic" guid="c2d140e5-7ca9-41f4-a69a-22fc7049dd2c">
                    <item type="txt" lang="con-Latn-EC">te</item>
                    <item type="cf" lang="con-Latn-EC">te</item>
                    <item type="gls" lang="en">REP</item>
                    <item type="msa" lang="en">clclaus</item>
                  </morph>
                </morphemes></word>
              <word><item type="txt" lang="con-Latn-EC">tsangae</item><morphemes>
                  <morph type="root" guid="d7f713e5-e8cf-11d3-9764-00c04f186933">
                    <item type="txt" lang="con-Latn-EC">tsa</item>
                    <item type="cf" lang="con-Latn-EC">tsa</item>
                    <item type="gls" lang="en">ANA</item>
                    <item type="msa" lang="en">dem</item>
                  </morph>
                  <morph type="enclitic" guid="d7f713e1-e8cf-11d3-9764-00c04f186933">
                    <item type="txt" lang="con-Latn-EC">=ngae</item>
                    <item type="cf" lang="con-Latn-EC">=ngae</item>
                    <item type="gls" lang="en">=MANN</item>
                    <item type="msa" lang="en">clphras</item>
                  </morph>
                </morphemes></word>
              <word><item type="txt" lang="con-Latn-EC">canse'fa</item><morphemes>
                  <morph type="stem" guid="d7f713e8-e8cf-11d3-9764-00c04f186933">
                    <item type="txt" lang="con-Latn-EC">canse</item>
                    <item type="cf" lang="con-Latn-EC">canse</item>
                    <item type="gls" lang="en">live</item>
                    <item type="msa" lang="en">v</item>
                  </morph>
                  <morph type="enclitic" guid="d7f713e1-e8cf-11d3-9764-00c04f186933">
                    <item type="txt" lang="con-Latn-EC">='fa</item>
                    <item type="cf" lang="con-Latn-EC">='fa</item>
                    <item type="gls" lang="en">=PL.SBJ</item>
                    <item type="msa" lang="en">clphras</item>
                  </morph>
                </morphemes></word>
              <word><item type="punct" lang="con-Latn-EC">.</item></word>
            </words><item type="segnum" lang="en">3.3</item><item type="gls" lang="en" /><item type="gls" lang="es">Así en la selva vive para siempre.</item></word>
        </phrases>
      </paragraph>
    </paragraphs>
    <languages>
      <language lang="con-Latn-EC" font="Segoe UI" vernacular="true" />
      <language lang="en" font="Segoe UI" vernacular="true" />
      <language lang="es" font="Segoe UI" />
    </languages>
  </interlinear-text>
</document>