﻿<?xml version="1.0" encoding="utf-8"?>
<document xsi:noNamespaceSchemaLocation="file:FlexInterlinear.xsd" xmlns:xsi="http://www.w3.org/2001/XMLSchema-instance">
  <interlinear-text guid="e1c4c5a0-7c93-4ac4-9ddb-f1c84ec04859">
    <item type="title" lang="con-Latn-EC">145 Tetetendeccune afa'cho</item>
    <item type="title" lang="en">About the Tetetes</item>
    <item type="source" lang="con-Latn-EC">Blaser, Magdalena "A'indeccu canqque'sune condase'cho"</item>
    <item type="source" lang="en">Blaser, Magdalena "Myths of the Cofán people"</item>
    <item type="source" lang="con-Latn-EC">Blaser, Magdalena "Mitos del pueblo Cofán"</item>
    <paragraphs>
      <paragraph>
        <phrases>
          <word><words>
              <word><item type="txt" lang="con-Latn-EC">Tayopite</item><morphemes>
                  <morph type="stem" guid="d7f713e8-e8cf-11d3-9764-00c04f186933">
                    <item type="txt" lang="con-Latn-EC">tayopi</item>
                    <item type="cf" lang="con-Latn-EC">tayopi</item>
                    <item type="gls" lang="en">long ago</item>
                    <item type="msa" lang="en">adv</item>
                  </morph>
                  <morph type="enclitic" guid="d7f713e1-e8cf-11d3-9764-00c04f186933">
                    <item type="txt" lang="con-Latn-EC">=te</item>
                    <item type="cf" lang="con-Latn-EC">te</item>
                    <item type="gls" lang="en">=REP</item>
                    <item type="msa" lang="en">clclaus</item>
                  </morph>
                </morphemes></word>
              <word><item type="txt" lang="con-Latn-EC">Sionandeccuja</item><morphemes>
                  <morph type="root" guid="d7f713e5-e8cf-11d3-9764-00c04f186933">
                    <item type="txt" lang="con-Latn-EC">Siona</item>
                    <item type="cf" lang="con-Latn-EC">Siona</item>
                    <item type="gls" lang="en">Siona</item>
                    <item type="msa" lang="en">nprop</item>
                  </morph>
                  <morph type="enclitic" guid="d7f713e1-e8cf-11d3-9764-00c04f186933">
                    <item type="txt" lang="con-Latn-EC">=ndeccu</item>
                    <item type="cf" lang="con-Latn-EC">=ndeccu</item>
                    <item type="gls" lang="en">=PL.HUM</item>
                    <item type="msa" lang="en">clphras</item>
                  </morph>
                  <morph type="enclitic" guid="d7f713e1-e8cf-11d3-9764-00c04f186933">
                    <item type="txt" lang="con-Latn-EC">=ja</item>
                    <item type="cf" lang="con-Latn-EC">=ja</item>
                    <item type="hn" lang="en">1</item>
                    <item type="gls" lang="en">=CONTR</item>
                    <item type="msa" lang="en">clphras</item>
                  </morph>
                </morphemes></word>
              <word><item type="txt" lang="con-Latn-EC">iyicco'fa'ya</item><morphemes>
                  <morph type="stem" guid="d7f713e8-e8cf-11d3-9764-00c04f186933">
                    <item type="txt" lang="con-Latn-EC">iyicco</item>
                    <item type="cf" lang="con-Latn-EC">iyicco</item>
                    <item type="gls" lang="en">fight</item>
                    <item type="msa" lang="en">v</item>
                  </morph>
                  <morph type="enclitic" guid="d7f713e1-e8cf-11d3-9764-00c04f186933">
                    <item type="txt" lang="con-Latn-EC">='fa</item>
                    <item type="cf" lang="con-Latn-EC">='fa</item>
                    <item type="gls" lang="en">=PL.SBJ</item>
                    <item type="msa" lang="en">clphras</item>
                  </morph>
                  <morph type="enclitic" guid="d7f713e1-e8cf-11d3-9764-00c04f186933">
                    <item type="txt" lang="con-Latn-EC">='ya</item>
                    <item type="cf" lang="con-Latn-EC">='ya</item>
                    <item type="gls" lang="en">=ASS</item>
                    <item type="msa" lang="en">clphras</item>
                  </morph>
                </morphemes></word>
              <word><item type="txt" lang="con-Latn-EC">San Josendeccui'ccu</item><morphemes>
                  <morph type="phrase" guid="a23b6faa-1052-4f4d-984b-4b338bdaf95f">
                    <item type="txt" lang="con-Latn-EC">San Jose</item>
                    <item type="cf" lang="con-Latn-EC">San José</item>
                    <item type="variantTypes" lang="en">+sp. var. of</item>
                    <item type="gls" lang="en">San José</item>
                    <item type="msa" lang="en">nprop</item>
                  </morph>
                  <morph type="enclitic" guid="d7f713e1-e8cf-11d3-9764-00c04f186933">
                    <item type="txt" lang="con-Latn-EC">=ndeccu</item>
                    <item type="cf" lang="con-Latn-EC">=ndeccu</item>
                    <item type="gls" lang="en">=PL.HUM</item>
                    <item type="msa" lang="en">clphras</item>
                  </morph>
                  <morph type="enclitic" guid="d7f713e1-e8cf-11d3-9764-00c04f186933">
                    <item type="txt" lang="con-Latn-EC">=i'ccu</item>
                    <item type="cf" lang="con-Latn-EC">=i'ccu</item>
                    <item type="gls" lang="en">=INST</item>
                    <item type="msa" lang="en">clphras</item>
                  </morph>
                </morphemes></word>
              <word><item type="punct" lang="con-Latn-EC">.</item></word>
            </words><item type="segnum" lang="en">1.1</item><item type="gls" lang="en" /><item type="gls" lang="es" /></word>
          <word><words>
              <word><item type="txt" lang="con-Latn-EC">Tsaeyita</item><morphemes>
                  <morph type="root" guid="d7f713e5-e8cf-11d3-9764-00c04f186933">
                    <item type="txt" lang="con-Latn-EC">tsa</item>
                    <item type="cf" lang="con-Latn-EC">tsa</item>
                    <item type="gls" lang="en">ANA</item>
                    <item type="msa" lang="en">dem</item>
                  </morph>
                  <morph type="enclitic" guid="d7f713e1-e8cf-11d3-9764-00c04f186933">
                    <item type="txt" lang="con-Latn-EC">=e</item>
                    <item type="cf" lang="con-Latn-EC">=e</item>
                    <item type="hn" lang="en">1</item>
                    <item type="gls" lang="en">=ADVR</item>
                    <item type="msa" lang="en">clphras</item>
                  </morph>
                  <morph type="enclitic" guid="d7f713e1-e8cf-11d3-9764-00c04f186933">
                    <item type="txt" lang="con-Latn-EC">=yi</item>
                    <item type="cf" lang="con-Latn-EC">=yi</item>
                    <item type="gls" lang="en">=EXCL</item>
                    <item type="msa" lang="en">clphras</item>
                  </morph>
                  <morph type="enclitic" guid="d7f713e1-e8cf-11d3-9764-00c04f186933">
                    <item type="txt" lang="con-Latn-EC">=ta</item>
                    <item type="cf" lang="con-Latn-EC">=ta</item>
                    <item type="gls" lang="en">=NEW</item>
                    <item type="msa" lang="en">clphras</item>
                  </morph>
                </morphemes></word>
              <word><item type="txt" lang="con-Latn-EC">te</item><morphemes>
                  <morph type="clitic" guid="c2d140e5-7ca9-41f4-a69a-22fc7049dd2c">
                    <item type="txt" lang="con-Latn-EC">te</item>
                    <item type="cf" lang="con-Latn-EC">te</item>
                    <item type="gls" lang="en">REP</item>
                    <item type="msa" lang="en">clclaus</item>
                  </morph>
                </morphemes></word>
              <word><item type="txt" lang="con-Latn-EC">tisu'pa</item><morphemes>
                  <morph type="stem" guid="d7f713e8-e8cf-11d3-9764-00c04f186933">
                    <item type="txt" lang="con-Latn-EC">tisu'pa</item>
                    <item type="cf" lang="con-Latn-EC">tisu'pa</item>
                    <item type="gls" lang="en">REFL.PL</item>
                    <item type="msa" lang="en">pro</item>
                  </morph>
                </morphemes></word>
              <word><item type="txt" lang="con-Latn-EC">pora</item><morphemes>
                  <morph>
                    <item type="txt" lang="con-Latn-EC">pora</item>
                  </morph>
                </morphemes></word>
              <word><item type="txt" lang="con-Latn-EC">iyicco'fa'ya</item><morphemes>
                  <morph type="stem" guid="d7f713e8-e8cf-11d3-9764-00c04f186933">
                    <item type="txt" lang="con-Latn-EC">iyicco</item>
                    <item type="cf" lang="con-Latn-EC">iyicco</item>
                    <item type="gls" lang="en">fight</item>
                    <item type="msa" lang="en">v</item>
                  </morph>
                  <morph type="enclitic" guid="d7f713e1-e8cf-11d3-9764-00c04f186933">
                    <item type="txt" lang="con-Latn-EC">='fa</item>
                    <item type="cf" lang="con-Latn-EC">='fa</item>
                    <item type="gls" lang="en">=PL.SBJ</item>
                    <item type="msa" lang="en">clphras</item>
                  </morph>
                  <morph type="enclitic" guid="d7f713e1-e8cf-11d3-9764-00c04f186933">
                    <item type="txt" lang="con-Latn-EC">='ya</item>
                    <item type="cf" lang="con-Latn-EC">='ya</item>
                    <item type="gls" lang="en">=ASS</item>
                    <item type="msa" lang="en">clphras</item>
                  </morph>
                </morphemes></word>
              <word><item type="punct" lang="con-Latn-EC">.</item></word>
            </words><item type="segnum" lang="en">1.2</item><item type="gls" lang="en" /><item type="gls" lang="es" /></word>
          <word><words>
              <word><item type="txt" lang="con-Latn-EC">Tsa'caen</item><morphemes>
                  <morph type="root" guid="d7f713e5-e8cf-11d3-9764-00c04f186933">
                    <item type="txt" lang="con-Latn-EC">tsa</item>
                    <item type="cf" lang="con-Latn-EC">tsa</item>
                    <item type="gls" lang="en">ANA</item>
                    <item type="msa" lang="en">dem</item>
                  </morph>
                  <morph type="enclitic" guid="d7f713e1-e8cf-11d3-9764-00c04f186933">
                    <item type="txt" lang="con-Latn-EC">='ca</item>
                    <item type="cf" lang="con-Latn-EC">='can</item>
                    <item type="gls" lang="en">=CMP</item>
                    <item type="msa" lang="en">clphras</item>
                  </morph>
                  <morph type="enclitic" guid="d7f713e1-e8cf-11d3-9764-00c04f186933">
                    <item type="txt" lang="con-Latn-EC">=en</item>
                    <item type="cf" lang="con-Latn-EC">=e</item>
                    <item type="hn" lang="en">1</item>
                    <item type="gls" lang="en">=ADVR</item>
                    <item type="msa" lang="en">clphras</item>
                  </morph>
                </morphemes></word>
              <word><item type="txt" lang="con-Latn-EC">iyiccopa</item><morphemes>
                  <morph type="stem" guid="d7f713e8-e8cf-11d3-9764-00c04f186933">
                    <item type="txt" lang="con-Latn-EC">iyicco</item>
                    <item type="cf" lang="con-Latn-EC">iyicco</item>
                    <item type="gls" lang="en">fight</item>
                    <item type="msa" lang="en">v</item>
                  </morph>
                  <morph type="enclitic" guid="d7f713e1-e8cf-11d3-9764-00c04f186933">
                    <item type="txt" lang="con-Latn-EC">=pa</item>
                    <item type="cf" lang="con-Latn-EC">=pa</item>
                    <item type="hn" lang="en">1</item>
                    <item type="gls" lang="en">=SS</item>
                    <item type="msa" lang="en">clphras</item>
                  </morph>
                </morphemes></word>
              <word><item type="txt" lang="con-Latn-EC">te</item><morphemes>
                  <morph type="clitic" guid="c2d140e5-7ca9-41f4-a69a-22fc7049dd2c">
                    <item type="txt" lang="con-Latn-EC">te</item>
                    <item type="cf" lang="con-Latn-EC">te</item>
                    <item type="gls" lang="en">REP</item>
                    <item type="msa" lang="en">clclaus</item>
                  </morph>
                </morphemes></word>
              <word><item type="txt" lang="con-Latn-EC">ccoangi</item><morphemes>
                  <morph type="root" guid="d7f713e5-e8cf-11d3-9764-00c04f186933">
                    <item type="txt" lang="con-Latn-EC">ccoangi</item>
                    <item type="cf" lang="con-Latn-EC">ccoangi</item>
                    <item type="gls" lang="en">two</item>
                    <item type="msa" lang="en">quant</item>
                  </morph>
                </morphemes></word>
              <word><item type="txt" lang="con-Latn-EC">tsa'ove</item><morphemes>
                  <morph type="root" guid="d7f713e5-e8cf-11d3-9764-00c04f186933">
                    <item type="txt" lang="con-Latn-EC">tsa'o</item>
                    <item type="cf" lang="con-Latn-EC">tsa'o</item>
                    <item type="gls" lang="en">house</item>
                    <item type="msa" lang="en">n</item>
                  </morph>
                  <morph type="enclitic" guid="d7f713e1-e8cf-11d3-9764-00c04f186933">
                    <item type="txt" lang="con-Latn-EC">=ve</item>
                    <item type="cf" lang="con-Latn-EC">=ve</item>
                    <item type="gls" lang="en">=ACC2</item>
                    <item type="msa" lang="en">clphras</item>
                  </morph>
                </morphemes></word>
              <word><item type="txt" lang="con-Latn-EC">sefaen'fa'ya</item><morphemes>
                  <morph type="stem" guid="d7f713e8-e8cf-11d3-9764-00c04f186933">
                    <item type="txt" lang="con-Latn-EC">sefaen</item>
                    <item type="cf" lang="con-Latn-EC">sefaen</item>
                    <item type="gls" lang="en">use up</item>
                    <item type="msa" lang="en">v</item>
                  </morph>
                  <morph type="enclitic" guid="d7f713e1-e8cf-11d3-9764-00c04f186933">
                    <item type="txt" lang="con-Latn-EC">='fa</item>
                    <item type="cf" lang="con-Latn-EC">='fa</item>
                    <item type="gls" lang="en">=PL.SBJ</item>
                    <item type="msa" lang="en">clphras</item>
                  </morph>
                  <morph type="enclitic" guid="d7f713e1-e8cf-11d3-9764-00c04f186933">
                    <item type="txt" lang="con-Latn-EC">='ya</item>
                    <item type="cf" lang="con-Latn-EC">='ya</item>
                    <item type="gls" lang="en">=ASS</item>
                    <item type="msa" lang="en">clphras</item>
                  </morph>
                </morphemes></word>
              <word><item type="txt" lang="con-Latn-EC">tisu'paporama</item><morphemes>
                  <morph>
                    <item type="txt" lang="con-Latn-EC">tisu'papora</item>
                  </morph>
                  <morph type="enclitic" guid="d7f713e1-e8cf-11d3-9764-00c04f186933">
                    <item type="txt" lang="con-Latn-EC">=ma</item>
                    <item type="cf" lang="con-Latn-EC">=ma</item>
                    <item type="gls" lang="en">=ACC</item>
                    <item type="msa" lang="en">clphras</item>
                  </morph>
                </morphemes></word>
              <word><item type="punct" lang="con-Latn-EC">.</item></word>
            </words><item type="segnum" lang="en">1.3</item><item type="gls" lang="en" /><item type="gls" lang="es" /></word>
          <word><words>
              <word><item type="txt" lang="con-Latn-EC">Tsa'caen</item><morphemes>
                  <morph type="root" guid="d7f713e5-e8cf-11d3-9764-00c04f186933">
                    <item type="txt" lang="con-Latn-EC">tsa</item>
                    <item type="cf" lang="con-Latn-EC">tsa</item>
                    <item type="gls" lang="en">ANA</item>
                    <item type="msa" lang="en">dem</item>
                  </morph>
                  <morph type="enclitic" guid="d7f713e1-e8cf-11d3-9764-00c04f186933">
                    <item type="txt" lang="con-Latn-EC">='ca</item>
                    <item type="cf" lang="con-Latn-EC">='can</item>
                    <item type="gls" lang="en">=CMP</item>
                    <item type="msa" lang="en">clphras</item>
                  </morph>
                  <morph type="enclitic" guid="d7f713e1-e8cf-11d3-9764-00c04f186933">
                    <item type="txt" lang="con-Latn-EC">=en</item>
                    <item type="cf" lang="con-Latn-EC">=e</item>
                    <item type="hn" lang="en">1</item>
                    <item type="gls" lang="en">=ADVR</item>
                    <item type="msa" lang="en">clphras</item>
                  </morph>
                </morphemes></word>
              <word><item type="txt" lang="con-Latn-EC">da'je'faninde</item><morphemes>
                  <morph type="root" guid="d7f713e5-e8cf-11d3-9764-00c04f186933">
                    <item type="txt" lang="con-Latn-EC">da</item>
                    <item type="cf" lang="con-Latn-EC">da</item>
                    <item type="hn" lang="en">1</item>
                    <item type="gls" lang="en">become</item>
                    <item type="msa" lang="en">v</item>
                  </morph>
                  <morph type="suffix" guid="d7f713dd-e8cf-11d3-9764-00c04f186933">
                    <item type="txt" lang="con-Latn-EC">-'je</item>
                    <item type="cf" lang="con-Latn-EC">-'je</item>
                    <item type="gls" lang="en">IMPV</item>
                    <item type="msa" lang="en">v:(Asp)</item>
                  </morph>
                  <morph type="enclitic" guid="d7f713e1-e8cf-11d3-9764-00c04f186933">
                    <item type="txt" lang="con-Latn-EC">='fa</item>
                    <item type="cf" lang="con-Latn-EC">='fa</item>
                    <item type="gls" lang="en">=PL.SBJ</item>
                    <item type="msa" lang="en">clphras</item>
                  </morph>
                  <morph type="enclitic" guid="d7f713e1-e8cf-11d3-9764-00c04f186933">
                    <item type="txt" lang="con-Latn-EC">=ni</item>
                    <item type="cf" lang="con-Latn-EC">=ni</item>
                    <item type="gls" lang="en">=LOC</item>
                    <item type="msa" lang="en">clphras</item>
                  </morph>
                  <morph type="enclitic" guid="d7f713e1-e8cf-11d3-9764-00c04f186933">
                    <item type="txt" lang="con-Latn-EC">=nde</item>
                    <item type="cf" lang="con-Latn-EC">te</item>
                    <item type="gls" lang="en">=REP</item>
                    <item type="msa" lang="en">clclaus</item>
                  </morph>
                </morphemes></word>
              <word><item type="txt" lang="con-Latn-EC">fae</item><morphemes>
                  <morph type="root" guid="d7f713e5-e8cf-11d3-9764-00c04f186933">
                    <item type="txt" lang="con-Latn-EC">fae</item>
                    <item type="cf" lang="con-Latn-EC">fae</item>
                    <item type="gls" lang="en">one</item>
                    <item type="msa" lang="en">quant</item>
                  </morph>
                </morphemes></word>
              <word><item type="txt" lang="con-Latn-EC">chu'a</item><morphemes>
                  <morph type="stem" guid="d7f713e8-e8cf-11d3-9764-00c04f186933">
                    <item type="txt" lang="con-Latn-EC">chu'a</item>
                    <item type="cf" lang="con-Latn-EC">chu'a</item>
                    <item type="gls" lang="en">young</item>
                    <item type="msa" lang="en">adj</item>
                  </morph>
                </morphemes></word>
              <word><item type="txt" lang="con-Latn-EC">tsandie'ja</item><morphemes>
                  <morph type="stem" guid="d7f713e8-e8cf-11d3-9764-00c04f186933">
                    <item type="txt" lang="con-Latn-EC">tsandie'</item>
                    <item type="cf" lang="con-Latn-EC">tsandie</item>
                    <item type="gls" lang="en">man</item>
                    <item type="msa" lang="en">n</item>
                  </morph>
                  <morph type="enclitic" guid="d7f713e1-e8cf-11d3-9764-00c04f186933">
                    <item type="txt" lang="con-Latn-EC">=ja</item>
                    <item type="cf" lang="con-Latn-EC">=ja</item>
                    <item type="hn" lang="en">1</item>
                    <item type="gls" lang="en">=CONTR</item>
                    <item type="msa" lang="en">clphras</item>
                  </morph>
                </morphemes></word>
              <word><item type="txt" lang="con-Latn-EC">ajupa'choma</item><morphemes>
                  <morph type="stem" guid="d7f713e8-e8cf-11d3-9764-00c04f186933">
                    <item type="txt" lang="con-Latn-EC">ajupa'cho</item>
                    <item type="cf" lang="con-Latn-EC">ajupa'cho</item>
                    <item type="gls" lang="en">emetic</item>
                    <item type="msa" lang="en">n</item>
                  </morph>
                  <morph type="enclitic" guid="d7f713e1-e8cf-11d3-9764-00c04f186933">
                    <item type="txt" lang="con-Latn-EC">=ma</item>
                    <item type="cf" lang="con-Latn-EC">=ma</item>
                    <item type="gls" lang="en">=ACC</item>
                    <item type="msa" lang="en">clphras</item>
                  </morph>
                </morphemes></word>
              <word><item type="txt" lang="con-Latn-EC">a'juye</item><morphemes>
                  <morph type="stem" guid="d7f713e8-e8cf-11d3-9764-00c04f186933">
                    <item type="txt" lang="con-Latn-EC">a'ju</item>
                    <item type="cf" lang="con-Latn-EC">a'ju</item>
                    <item type="gls" lang="en">vomit</item>
                    <item type="msa" lang="en">v</item>
                  </morph>
                  <morph type="enclitic" guid="d7f713e1-e8cf-11d3-9764-00c04f186933">
                    <item type="txt" lang="con-Latn-EC">=ye</item>
                    <item type="cf" lang="con-Latn-EC">=ye</item>
                    <item type="hn" lang="en">1</item>
                    <item type="gls" lang="en">=INF</item>
                    <item type="msa" lang="en">clphras</item>
                  </morph>
                </morphemes></word>
              <word><item type="txt" lang="con-Latn-EC">ashaemba</item><morphemes>
                  <morph type="root" guid="d7f713e5-e8cf-11d3-9764-00c04f186933">
                    <item type="txt" lang="con-Latn-EC">asha</item>
                    <item type="cf" lang="con-Latn-EC">asha</item>
                    <item type="gls" lang="en">beginning</item>
                    <item type="msa" lang="en">n</item>
                  </morph>
                  <morph type="enclitic" guid="d7f713e1-e8cf-11d3-9764-00c04f186933">
                    <item type="txt" lang="con-Latn-EC">=e</item>
                    <item type="cf" lang="con-Latn-EC">=e</item>
                    <item type="hn" lang="en">1</item>
                    <item type="gls" lang="en">=ADVR</item>
                    <item type="msa" lang="en">clphras</item>
                  </morph>
                  <morph type="enclitic" guid="d7f713e1-e8cf-11d3-9764-00c04f186933">
                    <item type="txt" lang="con-Latn-EC">=mba</item>
                    <item type="cf" lang="con-Latn-EC">=pa</item>
                    <item type="hn" lang="en">1</item>
                    <item type="gls" lang="en">=SS</item>
                    <item type="msa" lang="en">clphras</item>
                  </morph>
                </morphemes></word>
              <word><item type="txt" lang="con-Latn-EC">aju'je</item><morphemes>
                  <morph type="stem" guid="d7f713e8-e8cf-11d3-9764-00c04f186933">
                    <item type="txt" lang="con-Latn-EC">aju</item>
                    <item type="cf" lang="con-Latn-EC">a'ju</item>
                    <item type="gls" lang="en">vomit</item>
                    <item type="msa" lang="en">v</item>
                  </morph>
                  <morph type="suffix" guid="d7f713dd-e8cf-11d3-9764-00c04f186933">
                    <item type="txt" lang="con-Latn-EC">-'je</item>
                    <item type="cf" lang="con-Latn-EC">-'je</item>
                    <item type="gls" lang="en">IMPV</item>
                    <item type="msa" lang="en">v:(Asp)</item>
                  </morph>
                </morphemes></word>
              <word><item type="txt" lang="con-Latn-EC">Erisiome</item><morphemes>
                  <morph type="root" guid="d7f713e5-e8cf-11d3-9764-00c04f186933">
                    <item type="txt" lang="con-Latn-EC">Erisio</item>
                    <item type="cf" lang="con-Latn-EC">Erision</item>
                    <item type="gls" lang="en">Erision</item>
                    <item type="msa" lang="en">nprop</item>
                  </morph>
                  <morph type="enclitic" guid="d7f713e1-e8cf-11d3-9764-00c04f186933">
                    <item type="txt" lang="con-Latn-EC">=me</item>
                    <item type="cf" lang="con-Latn-EC">=ve</item>
                    <item type="gls" lang="en">=ACC2</item>
                    <item type="msa" lang="en">clphras</item>
                  </morph>
                </morphemes></word>
              <word><item type="txt" lang="con-Latn-EC">da'ya</item><morphemes>
                  <morph type="root" guid="d7f713e5-e8cf-11d3-9764-00c04f186933">
                    <item type="txt" lang="con-Latn-EC">da</item>
                    <item type="cf" lang="con-Latn-EC">da</item>
                    <item type="hn" lang="en">1</item>
                    <item type="gls" lang="en">become</item>
                    <item type="msa" lang="en">v</item>
                  </morph>
                  <morph type="enclitic" guid="d7f713e1-e8cf-11d3-9764-00c04f186933">
                    <item type="txt" lang="con-Latn-EC">='ya</item>
                    <item type="cf" lang="con-Latn-EC">='ya</item>
                    <item type="gls" lang="en">=ASS</item>
                    <item type="msa" lang="en">clphras</item>
                  </morph>
                </morphemes></word>
              <word><item type="punct" lang="con-Latn-EC">.</item></word>
            </words><item type="segnum" lang="en">1.4</item><item type="gls" lang="en" /><item type="gls" lang="es" /></word>
          <word><words>
              <word><item type="txt" lang="con-Latn-EC">Tsesuve</item><morphemes>
                  <morph type="stem" guid="d7f713e8-e8cf-11d3-9764-00c04f186933">
                    <item type="txt" lang="con-Latn-EC">tsesu</item>
                    <item type="cf" lang="con-Latn-EC">tse'su</item>
                    <item type="gls" lang="en">DIST2</item>
                    <item type="msa" lang="en">dem</item>
                  </morph>
                  <morph type="enclitic" guid="d7f713e1-e8cf-11d3-9764-00c04f186933">
                    <item type="txt" lang="con-Latn-EC">=ve</item>
                    <item type="cf" lang="con-Latn-EC">=ve</item>
                    <item type="gls" lang="en">=ACC2</item>
                    <item type="msa" lang="en">clphras</item>
                  </morph>
                </morphemes></word>
              <word><item type="txt" lang="con-Latn-EC">di'shayetate</item><morphemes>
                  <morph>
                    <item type="txt" lang="con-Latn-EC">di'shayetate</item>
                  </morph>
                </morphemes></word>
              <word><item type="txt" lang="con-Latn-EC">yocoma</item><morphemes>
                  <morph type="root" guid="d7f713e5-e8cf-11d3-9764-00c04f186933">
                    <item type="txt" lang="con-Latn-EC">yoco</item>
                    <item type="cf" lang="con-Latn-EC">yoco</item>
                    <item type="gls" lang="en">yoco</item>
                    <item type="msa" lang="en">n</item>
                  </morph>
                  <morph type="enclitic" guid="d7f713e1-e8cf-11d3-9764-00c04f186933">
                    <item type="txt" lang="con-Latn-EC">=ma</item>
                    <item type="cf" lang="con-Latn-EC">=ma</item>
                    <item type="gls" lang="en">=ACC</item>
                    <item type="msa" lang="en">clphras</item>
                  </morph>
                </morphemes></word>
              <word><item type="txt" lang="con-Latn-EC">injan'tsse</item><morphemes>
                  <morph type="stem" guid="d7f713e8-e8cf-11d3-9764-00c04f186933">
                    <item type="txt" lang="con-Latn-EC">injan'tsse</item>
                    <item type="cf" lang="con-Latn-EC">injan'tsse</item>
                    <item type="gls" lang="en">much</item>
                    <item type="msa" lang="en">adv</item>
                  </morph>
                </morphemes></word>
              <word><item type="txt" lang="con-Latn-EC">cu'i'fa</item><morphemes>
                  <morph type="root" guid="d7f713e5-e8cf-11d3-9764-00c04f186933">
                    <item type="txt" lang="con-Latn-EC">cu'i</item>
                    <item type="cf" lang="con-Latn-EC">cu'i</item>
                    <item type="gls" lang="en">drink</item>
                    <item type="msa" lang="en">v</item>
                  </morph>
                  <morph type="enclitic" guid="d7f713e1-e8cf-11d3-9764-00c04f186933">
                    <item type="txt" lang="con-Latn-EC">='fa</item>
                    <item type="cf" lang="con-Latn-EC">=fa</item>
                    <item type="gls" lang="en">=SH.LAT</item>
                    <item type="msa" lang="en">clphras</item>
                  </morph>
                </morphemes></word>
              <word><item type="punct" lang="con-Latn-EC">.</item></word>
            </words><item type="segnum" lang="en">1.5</item><item type="gls" lang="en" /><item type="gls" lang="es" /></word>
          <word><words>
              <word><item type="txt" lang="con-Latn-EC">Tsa'camba</item><morphemes>
                  <morph type="root" guid="d7f713e5-e8cf-11d3-9764-00c04f186933">
                    <item type="txt" lang="con-Latn-EC">tsa</item>
                    <item type="cf" lang="con-Latn-EC">tsa</item>
                    <item type="gls" lang="en">ANA</item>
                    <item type="msa" lang="en">dem</item>
                  </morph>
                  <morph type="enclitic" guid="d7f713e1-e8cf-11d3-9764-00c04f186933">
                    <item type="txt" lang="con-Latn-EC">='ca</item>
                    <item type="cf" lang="con-Latn-EC">='can</item>
                    <item type="gls" lang="en">=CMP</item>
                    <item type="msa" lang="en">clphras</item>
                  </morph>
                  <morph type="enclitic" guid="d7f713e1-e8cf-11d3-9764-00c04f186933">
                    <item type="txt" lang="con-Latn-EC">=mba</item>
                    <item type="cf" lang="con-Latn-EC">=pa</item>
                    <item type="hn" lang="en">1</item>
                    <item type="gls" lang="en">=SS</item>
                    <item type="msa" lang="en">clphras</item>
                  </morph>
                </morphemes></word>
              <word><item type="txt" lang="con-Latn-EC">te</item><morphemes>
                  <morph type="clitic" guid="c2d140e5-7ca9-41f4-a69a-22fc7049dd2c">
                    <item type="txt" lang="con-Latn-EC">te</item>
                    <item type="cf" lang="con-Latn-EC">te</item>
                    <item type="gls" lang="en">REP</item>
                    <item type="msa" lang="en">clclaus</item>
                  </morph>
                </morphemes></word>
              <word><item type="txt" lang="con-Latn-EC">fae'cco</item><morphemes>
                  <morph type="root" guid="d7f713e5-e8cf-11d3-9764-00c04f186933">
                    <item type="txt" lang="con-Latn-EC">fae</item>
                    <item type="cf" lang="con-Latn-EC">fae</item>
                    <item type="gls" lang="en">one</item>
                    <item type="msa" lang="en">quant</item>
                  </morph>
                  <morph type="enclitic" guid="d7f713e1-e8cf-11d3-9764-00c04f186933">
                    <item type="txt" lang="con-Latn-EC">='cco</item>
                    <item type="cf" lang="con-Latn-EC">='cco</item>
                    <item type="gls" lang="en">=SH.ANG</item>
                    <item type="msa" lang="en">clphras</item>
                  </morph>
                </morphemes></word>
              <word><item type="txt" lang="con-Latn-EC">aju'jesi</item><morphemes>
                  <morph type="stem" guid="d7f713e8-e8cf-11d3-9764-00c04f186933">
                    <item type="txt" lang="con-Latn-EC">aju</item>
                    <item type="cf" lang="con-Latn-EC">a'ju</item>
                    <item type="gls" lang="en">vomit</item>
                    <item type="msa" lang="en">v</item>
                  </morph>
                  <morph type="suffix" guid="d7f713dd-e8cf-11d3-9764-00c04f186933">
                    <item type="txt" lang="con-Latn-EC">-'je</item>
                    <item type="cf" lang="con-Latn-EC">-'je</item>
                    <item type="gls" lang="en">IMPV</item>
                    <item type="msa" lang="en">v:(Asp)</item>
                  </morph>
                  <morph type="enclitic" guid="d7f713e1-e8cf-11d3-9764-00c04f186933">
                    <item type="txt" lang="con-Latn-EC">=si</item>
                    <item type="cf" lang="con-Latn-EC">=si</item>
                    <item type="hn" lang="en">1</item>
                    <item type="gls" lang="en">=DS</item>
                    <item type="msa" lang="en">clphras</item>
                  </morph>
                </morphemes></word>
              <word><item type="txt" lang="con-Latn-EC">faesu'qque</item><morphemes>
                  <morph type="stem" guid="d7f713e8-e8cf-11d3-9764-00c04f186933">
                    <item type="txt" lang="con-Latn-EC">faesu</item>
                    <item type="cf" lang="con-Latn-EC">faesu</item>
                    <item type="gls" lang="en">other</item>
                    <item type="msa" lang="en">quant</item>
                  </morph>
                  <morph type="enclitic" guid="d7f713e1-e8cf-11d3-9764-00c04f186933">
                    <item type="txt" lang="con-Latn-EC">='qque</item>
                    <item type="cf" lang="con-Latn-EC">='qque</item>
                    <item type="gls" lang="en">=ADD</item>
                    <item type="msa" lang="en">clphras</item>
                  </morph>
                </morphemes></word>
              <word><item type="txt" lang="con-Latn-EC">a'juye</item><morphemes>
                  <morph type="stem" guid="d7f713e8-e8cf-11d3-9764-00c04f186933">
                    <item type="txt" lang="con-Latn-EC">a'ju</item>
                    <item type="cf" lang="con-Latn-EC">a'ju</item>
                    <item type="gls" lang="en">vomit</item>
                    <item type="msa" lang="en">v</item>
                  </morph>
                  <morph type="enclitic" guid="d7f713e1-e8cf-11d3-9764-00c04f186933">
                    <item type="txt" lang="con-Latn-EC">=ye</item>
                    <item type="cf" lang="con-Latn-EC">=ye</item>
                    <item type="hn" lang="en">1</item>
                    <item type="gls" lang="en">=INF</item>
                    <item type="msa" lang="en">clphras</item>
                  </morph>
                </morphemes></word>
              <word><item type="txt" lang="con-Latn-EC">yocove</item><morphemes>
                  <morph type="root" guid="d7f713e5-e8cf-11d3-9764-00c04f186933">
                    <item type="txt" lang="con-Latn-EC">yoco</item>
                    <item type="cf" lang="con-Latn-EC">yoco</item>
                    <item type="gls" lang="en">yoco</item>
                    <item type="msa" lang="en">n</item>
                  </morph>
                  <morph type="enclitic" guid="d7f713e1-e8cf-11d3-9764-00c04f186933">
                    <item type="txt" lang="con-Latn-EC">=ve</item>
                    <item type="cf" lang="con-Latn-EC">=ve</item>
                    <item type="gls" lang="en">=ACC2</item>
                    <item type="msa" lang="en">clphras</item>
                  </morph>
                </morphemes></word>
              <word><item type="txt" lang="con-Latn-EC">japa</item><morphemes>
                  <morph type="root" guid="d7f713e5-e8cf-11d3-9764-00c04f186933">
                    <item type="txt" lang="con-Latn-EC">ja</item>
                    <item type="cf" lang="con-Latn-EC">ja</item>
                    <item type="gls" lang="en">go</item>
                    <item type="msa" lang="en">v</item>
                  </morph>
                  <morph type="enclitic" guid="d7f713e1-e8cf-11d3-9764-00c04f186933">
                    <item type="txt" lang="con-Latn-EC">=pa</item>
                    <item type="cf" lang="con-Latn-EC">=pa</item>
                    <item type="hn" lang="en">1</item>
                    <item type="gls" lang="en">=SS</item>
                    <item type="msa" lang="en">clphras</item>
                  </morph>
                </morphemes></word>
              <word><item type="txt" lang="con-Latn-EC">attepa</item><morphemes>
                  <morph type="root" guid="d7f713e5-e8cf-11d3-9764-00c04f186933">
                    <item type="txt" lang="con-Latn-EC">atte</item>
                    <item type="cf" lang="con-Latn-EC">atte</item>
                    <item type="gls" lang="en">see</item>
                    <item type="msa" lang="en">v</item>
                  </morph>
                  <morph type="enclitic" guid="d7f713e1-e8cf-11d3-9764-00c04f186933">
                    <item type="txt" lang="con-Latn-EC">=pa</item>
                    <item type="cf" lang="con-Latn-EC">=pa</item>
                    <item type="hn" lang="en">1</item>
                    <item type="gls" lang="en">=SS</item>
                    <item type="msa" lang="en">clphras</item>
                  </morph>
                </morphemes></word>
              <word><item type="txt" lang="con-Latn-EC">pa'ccoma</item><morphemes>
                  <morph type="bound root" guid="d7f713e4-e8cf-11d3-9764-00c04f186933">
                    <item type="txt" lang="con-Latn-EC">*pa</item>
                    <item type="cf" lang="con-Latn-EC">*pa</item>
                    <item type="gls" lang="en">all</item>
                    <item type="msa" lang="en">bnd</item>
                  </morph>
                  <morph type="enclitic" guid="d7f713e1-e8cf-11d3-9764-00c04f186933">
                    <item type="txt" lang="con-Latn-EC">='cco</item>
                    <item type="cf" lang="con-Latn-EC">='cco</item>
                    <item type="gls" lang="en">=SH.ANG</item>
                    <item type="msa" lang="en">clphras</item>
                  </morph>
                  <morph type="enclitic" guid="d7f713e1-e8cf-11d3-9764-00c04f186933">
                    <item type="txt" lang="con-Latn-EC">=ma</item>
                    <item type="cf" lang="con-Latn-EC">=ma</item>
                    <item type="gls" lang="en">=ACC</item>
                    <item type="msa" lang="en">clphras</item>
                  </morph>
                </morphemes></word>
              <word><item type="txt" lang="con-Latn-EC">qquitssa</item><morphemes>
                  <morph type="root" guid="d7f713e5-e8cf-11d3-9764-00c04f186933">
                    <item type="txt" lang="con-Latn-EC">qquitssa</item>
                    <item type="cf" lang="con-Latn-EC">qquitssa</item>
                    <item type="gls" lang="en">take out</item>
                    <item type="msa" lang="en">v</item>
                  </morph>
                </morphemes></word>
              <word><item type="txt" lang="con-Latn-EC">shequiamba</item><morphemes>
                  <morph type="root" guid="d7f713e5-e8cf-11d3-9764-00c04f186933">
                    <item type="txt" lang="con-Latn-EC">shequia</item>
                    <item type="cf" lang="con-Latn-EC">shequian</item>
                    <item type="gls" lang="en">scatter</item>
                    <item type="msa" lang="en">v</item>
                  </morph>
                  <morph type="enclitic" guid="d7f713e1-e8cf-11d3-9764-00c04f186933">
                    <item type="txt" lang="con-Latn-EC">=mba</item>
                    <item type="cf" lang="con-Latn-EC">=pa</item>
                    <item type="hn" lang="en">1</item>
                    <item type="gls" lang="en">=SS</item>
                    <item type="msa" lang="en">clphras</item>
                  </morph>
                </morphemes></word>
              <word><item type="txt" lang="con-Latn-EC">isuqquen</item><morphemes>
                  <morph>
                    <item type="txt" lang="con-Latn-EC">isuqquen</item>
                  </morph>
                </morphemes></word>
              <word><item type="txt" lang="con-Latn-EC">tson'jen'ni</item><morphemes>
                  <morph type="root" guid="d7f713e5-e8cf-11d3-9764-00c04f186933">
                    <item type="txt" lang="con-Latn-EC">tson</item>
                    <item type="cf" lang="con-Latn-EC">tson</item>
                    <item type="gls" lang="en">do</item>
                    <item type="msa" lang="en">v</item>
                  </morph>
                  <morph type="suffix" guid="d7f713dd-e8cf-11d3-9764-00c04f186933">
                    <item type="txt" lang="con-Latn-EC">-'jen</item>
                    <item type="cf" lang="con-Latn-EC">-'je</item>
                    <item type="gls" lang="en">IMPV</item>
                    <item type="msa" lang="en">v:(Asp)</item>
                  </morph>
                  <morph type="enclitic" guid="d7f713e1-e8cf-11d3-9764-00c04f186933">
                    <item type="txt" lang="con-Latn-EC">='ni</item>
                    <item type="cf" lang="con-Latn-EC">=ni</item>
                    <item type="gls" lang="en">=LOC</item>
                    <item type="msa" lang="en">clphras</item>
                  </morph>
                </morphemes></word>
              <word><item type="txt" lang="con-Latn-EC">San Josendeccuja</item><morphemes>
                  <morph type="phrase" guid="a23b6faa-1052-4f4d-984b-4b338bdaf95f">
                    <item type="txt" lang="con-Latn-EC">San José</item>
                    <item type="cf" lang="con-Latn-EC">San José</item>
                    <item type="gls" lang="en">San José</item>
                    <item type="msa" lang="en">nprop</item>
                  </morph>
                  <morph type="enclitic" guid="d7f713e1-e8cf-11d3-9764-00c04f186933">
                    <item type="txt" lang="con-Latn-EC">=ndeccu</item>
                    <item type="cf" lang="con-Latn-EC">=ndeccu</item>
                    <item type="gls" lang="en">=PL.HUM</item>
                    <item type="msa" lang="en">clphras</item>
                  </morph>
                  <morph type="enclitic" guid="d7f713e1-e8cf-11d3-9764-00c04f186933">
                    <item type="txt" lang="con-Latn-EC">=ja</item>
                    <item type="cf" lang="con-Latn-EC">=ja</item>
                    <item type="hn" lang="en">1</item>
                    <item type="gls" lang="en">=CONTR</item>
                    <item type="msa" lang="en">clphras</item>
                  </morph>
                </morphemes></word>
              <word><item type="txt" lang="con-Latn-EC">tise'nga</item><morphemes>
                  <morph type="root" guid="d7f713e5-e8cf-11d3-9764-00c04f186933">
                    <item type="txt" lang="con-Latn-EC">tise'</item>
                    <item type="cf" lang="con-Latn-EC">tise</item>
                    <item type="gls" lang="en">3.SG</item>
                    <item type="msa" lang="en">pro</item>
                  </morph>
                  <morph type="enclitic" guid="d7f713e1-e8cf-11d3-9764-00c04f186933">
                    <item type="txt" lang="con-Latn-EC">=nga</item>
                    <item type="cf" lang="con-Latn-EC">=nga</item>
                    <item type="gls" lang="en">=DAT</item>
                    <item type="msa" lang="en">clphras</item>
                  </morph>
                </morphemes></word>
              <word><item type="txt" lang="con-Latn-EC">ji'fasi</item><morphemes>
                  <morph type="root" guid="d7f713e5-e8cf-11d3-9764-00c04f186933">
                    <item type="txt" lang="con-Latn-EC">ji</item>
                    <item type="cf" lang="con-Latn-EC">ji</item>
                    <item type="gls" lang="en">come</item>
                    <item type="msa" lang="en">v</item>
                  </morph>
                  <morph type="enclitic" guid="d7f713e1-e8cf-11d3-9764-00c04f186933">
                    <item type="txt" lang="con-Latn-EC">='fa</item>
                    <item type="cf" lang="con-Latn-EC">='fa</item>
                    <item type="gls" lang="en">=PL.SBJ</item>
                    <item type="msa" lang="en">clphras</item>
                  </morph>
                  <morph type="enclitic" guid="d7f713e1-e8cf-11d3-9764-00c04f186933">
                    <item type="txt" lang="con-Latn-EC">=si</item>
                    <item type="cf" lang="con-Latn-EC">=si</item>
                    <item type="hn" lang="en">1</item>
                    <item type="gls" lang="en">=DS</item>
                    <item type="msa" lang="en">clphras</item>
                  </morph>
                </morphemes></word>
              <word><item type="txt" lang="con-Latn-EC">tsendeccui'ccu</item><morphemes>
                  <morph type="root" guid="d7f713e5-e8cf-11d3-9764-00c04f186933">
                    <item type="txt" lang="con-Latn-EC">tse</item>
                    <item type="cf" lang="con-Latn-EC">tse</item>
                    <item type="gls" lang="en">ANA.LOC</item>
                    <item type="msa" lang="en">dem</item>
                  </morph>
                  <morph type="enclitic" guid="d7f713e1-e8cf-11d3-9764-00c04f186933">
                    <item type="txt" lang="con-Latn-EC">=ndeccu</item>
                    <item type="cf" lang="con-Latn-EC">=ndeccu</item>
                    <item type="gls" lang="en">=PL.HUM</item>
                    <item type="msa" lang="en">clphras</item>
                  </morph>
                  <morph type="enclitic" guid="d7f713e1-e8cf-11d3-9764-00c04f186933">
                    <item type="txt" lang="con-Latn-EC">=i'ccu</item>
                    <item type="cf" lang="con-Latn-EC">=i'ccu</item>
                    <item type="gls" lang="en">=INST</item>
                    <item type="msa" lang="en">clphras</item>
                  </morph>
                </morphemes></word>
              <word><item type="txt" lang="con-Latn-EC">iyiccoye</item><morphemes>
                  <morph type="stem" guid="d7f713e8-e8cf-11d3-9764-00c04f186933">
                    <item type="txt" lang="con-Latn-EC">iyicco</item>
                    <item type="cf" lang="con-Latn-EC">iyicco</item>
                    <item type="gls" lang="en">fight</item>
                    <item type="msa" lang="en">v</item>
                  </morph>
                  <morph type="enclitic" guid="d7f713e1-e8cf-11d3-9764-00c04f186933">
                    <item type="txt" lang="con-Latn-EC">=ye</item>
                    <item type="cf" lang="con-Latn-EC">=ye</item>
                    <item type="hn" lang="en">1</item>
                    <item type="gls" lang="en">=INF</item>
                    <item type="msa" lang="en">clphras</item>
                  </morph>
                </morphemes></word>
              <word><item type="txt" lang="con-Latn-EC">ashaen'ña</item><morphemes>
                  <morph type="stem" guid="d7f713e8-e8cf-11d3-9764-00c04f186933">
                    <item type="txt" lang="con-Latn-EC">ashaen</item>
                    <item type="cf" lang="con-Latn-EC">ashaen</item>
                    <item type="gls" lang="en">begin</item>
                    <item type="msa" lang="en">v</item>
                  </morph>
                  <morph type="enclitic" guid="d7f713e1-e8cf-11d3-9764-00c04f186933">
                    <item type="txt" lang="con-Latn-EC">='ña</item>
                    <item type="cf" lang="con-Latn-EC">='ya</item>
                    <item type="gls" lang="en">=ASS</item>
                    <item type="msa" lang="en">clphras</item>
                  </morph>
                </morphemes></word>
              <word><item type="punct" lang="con-Latn-EC">.</item></word>
            </words><item type="segnum" lang="en">1.6</item><item type="gls" lang="en" /><item type="gls" lang="es" /></word>
          <word><words>
              <word><item type="txt" lang="con-Latn-EC">Tsa</item><morphemes>
                  <morph type="root" guid="d7f713e5-e8cf-11d3-9764-00c04f186933">
                    <item type="txt" lang="con-Latn-EC">tsa</item>
                    <item type="cf" lang="con-Latn-EC">tsa</item>
                    <item type="gls" lang="en">ANA</item>
                    <item type="msa" lang="en">dem</item>
                  </morph>
                </morphemes></word>
              <word><item type="txt" lang="con-Latn-EC">iyicco'chotate</item><morphemes>
                  <morph type="stem" guid="d7f713e8-e8cf-11d3-9764-00c04f186933">
                    <item type="txt" lang="con-Latn-EC">iyicco</item>
                    <item type="cf" lang="con-Latn-EC">iyicco</item>
                    <item type="gls" lang="en">fight</item>
                    <item type="msa" lang="en">v</item>
                  </morph>
                  <morph type="enclitic" guid="d7f713e1-e8cf-11d3-9764-00c04f186933">
                    <item type="txt" lang="con-Latn-EC">='cho</item>
                    <item type="cf" lang="con-Latn-EC">='cho</item>
                    <item type="hn" lang="en">1</item>
                    <item type="gls" lang="en">=SBRD</item>
                    <item type="msa" lang="en">clphras</item>
                  </morph>
                  <morph type="enclitic" guid="d7f713e1-e8cf-11d3-9764-00c04f186933">
                    <item type="txt" lang="con-Latn-EC">=ta</item>
                    <item type="cf" lang="con-Latn-EC">=ta</item>
                    <item type="gls" lang="en">=NEW</item>
                    <item type="msa" lang="en">clphras</item>
                  </morph>
                  <morph type="enclitic" guid="d7f713e1-e8cf-11d3-9764-00c04f186933">
                    <item type="txt" lang="con-Latn-EC">=te</item>
                    <item type="cf" lang="con-Latn-EC">te</item>
                    <item type="gls" lang="en">=REP</item>
                    <item type="msa" lang="en">clclaus</item>
                  </morph>
                </morphemes></word>
              <word><item type="txt" lang="con-Latn-EC">Quinttie</item><morphemes>
                  <morph type="root" guid="d7f713e5-e8cf-11d3-9764-00c04f186933">
                    <item type="txt" lang="con-Latn-EC">Quinttie</item>
                    <item type="cf" lang="con-Latn-EC">Quinttie</item>
                    <item type="gls" lang="en">Quinttie</item>
                    <item type="msa" lang="en">nprop</item>
                  </morph>
                </morphemes></word>
              <word><item type="txt" lang="con-Latn-EC">battipa'tti</item><morphemes>
                  <morph type="root" guid="d7f713e5-e8cf-11d3-9764-00c04f186933">
                    <item type="txt" lang="con-Latn-EC">batti</item>
                    <item type="cf" lang="con-Latn-EC">batti</item>
                    <item type="msa" lang="en">v</item>
                  </morph>
                  <morph type="suffix" guid="d7f713dd-e8cf-11d3-9764-00c04f186933">
                    <item type="txt" lang="con-Latn-EC">-pa</item>
                    <item type="cf" lang="con-Latn-EC">-'pa</item>
                    <item type="msa" lang="en">v&gt;n</item>
                  </morph>
                  <morph type="enclitic" guid="d7f713e1-e8cf-11d3-9764-00c04f186933">
                    <item type="txt" lang="con-Latn-EC">='tti</item>
                    <item type="cf" lang="con-Latn-EC">='tti</item>
                    <item type="msa" lang="en">clphras</item>
                  </morph>
                </morphemes></word>
              <word><item type="punct" lang="con-Latn-EC">.</item></word>
            </words><item type="segnum" lang="en">1.7</item><item type="gls" lang="en" /><item type="gls" lang="es" /></word>
          <word><words>
              <word><item type="txt" lang="con-Latn-EC">Tse'ttinga</item><morphemes>
                  <morph type="root" guid="d7f713e5-e8cf-11d3-9764-00c04f186933">
                    <item type="txt" lang="con-Latn-EC">tse</item>
                    <item type="cf" lang="con-Latn-EC">tse</item>
                    <item type="gls" lang="en">ANA.LOC</item>
                    <item type="msa" lang="en">dem</item>
                  </morph>
                  <morph type="enclitic" guid="d7f713e1-e8cf-11d3-9764-00c04f186933">
                    <item type="txt" lang="con-Latn-EC">='tti</item>
                    <item type="cf" lang="con-Latn-EC">='tti</item>
                    <item type="gls" lang="en">=LOC.NR</item>
                    <item type="msa" lang="en">clphras</item>
                  </morph>
                  <morph type="enclitic" guid="d7f713e1-e8cf-11d3-9764-00c04f186933">
                    <item type="txt" lang="con-Latn-EC">=nga</item>
                    <item type="cf" lang="con-Latn-EC">=nga</item>
                    <item type="gls" lang="en">=DAT</item>
                    <item type="msa" lang="en">clphras</item>
                  </morph>
                </morphemes></word>
              <word><item type="txt" lang="con-Latn-EC">iyiccopate</item><morphemes>
                  <morph type="stem" guid="d7f713e8-e8cf-11d3-9764-00c04f186933">
                    <item type="txt" lang="con-Latn-EC">iyicco</item>
                    <item type="cf" lang="con-Latn-EC">iyicco</item>
                    <item type="gls" lang="en">fight</item>
                    <item type="msa" lang="en">v</item>
                  </morph>
                  <morph type="enclitic" guid="d7f713e1-e8cf-11d3-9764-00c04f186933">
                    <item type="txt" lang="con-Latn-EC">=pa</item>
                    <item type="cf" lang="con-Latn-EC">=pa</item>
                    <item type="hn" lang="en">1</item>
                    <item type="gls" lang="en">=SS</item>
                    <item type="msa" lang="en">clphras</item>
                  </morph>
                  <morph type="enclitic" guid="d7f713e1-e8cf-11d3-9764-00c04f186933">
                    <item type="txt" lang="con-Latn-EC">=te</item>
                    <item type="cf" lang="con-Latn-EC">te</item>
                    <item type="gls" lang="en">=REP</item>
                    <item type="msa" lang="en">clclaus</item>
                  </morph>
                </morphemes></word>
              <word><item type="txt" lang="con-Latn-EC">pa'cco'fa'ya</item><morphemes>
                  <morph type="root" guid="d7f713e5-e8cf-11d3-9764-00c04f186933">
                    <item type="txt" lang="con-Latn-EC">pa</item>
                    <item type="cf" lang="con-Latn-EC">pa</item>
                    <item type="gls" lang="en">die</item>
                    <item type="msa" lang="en">v</item>
                  </morph>
                  <morph type="suffix" guid="d7f713dd-e8cf-11d3-9764-00c04f186933">
                    <item type="txt" lang="con-Latn-EC">-'cco</item>
                    <item type="cf" lang="con-Latn-EC">-cco</item>
                    <item type="gls" lang="en">RECP</item>
                    <item type="msa" lang="en">v:(Val)</item>
                  </morph>
                  <morph type="enclitic" guid="d7f713e1-e8cf-11d3-9764-00c04f186933">
                    <item type="txt" lang="con-Latn-EC">='fa</item>
                    <item type="cf" lang="con-Latn-EC">='fa</item>
                    <item type="gls" lang="en">=PL.SBJ</item>
                    <item type="msa" lang="en">clphras</item>
                  </morph>
                  <morph type="enclitic" guid="d7f713e1-e8cf-11d3-9764-00c04f186933">
                    <item type="txt" lang="con-Latn-EC">='ya</item>
                    <item type="cf" lang="con-Latn-EC">='ya</item>
                    <item type="gls" lang="en">=ASS</item>
                    <item type="msa" lang="en">clphras</item>
                  </morph>
                </morphemes></word>
              <word><item type="punct" lang="con-Latn-EC">.</item></word>
            </words><item type="segnum" lang="en">1.8</item><item type="gls" lang="en" /><item type="gls" lang="es" /></word>
        </phrases>
      </paragraph>
      <paragraph>
        <phrases>
          <word><words>
              <word><item type="txt" lang="con-Latn-EC">Tsa'caen</item><morphemes>
                  <morph type="root" guid="d7f713e5-e8cf-11d3-9764-00c04f186933">
                    <item type="txt" lang="con-Latn-EC">tsa</item>
                    <item type="cf" lang="con-Latn-EC">tsa</item>
                    <item type="gls" lang="en">ANA</item>
                    <item type="msa" lang="en">dem</item>
                  </morph>
                  <morph type="enclitic" guid="d7f713e1-e8cf-11d3-9764-00c04f186933">
                    <item type="txt" lang="con-Latn-EC">='ca</item>
                    <item type="cf" lang="con-Latn-EC">='can</item>
                    <item type="gls" lang="en">=CMP</item>
                    <item type="msa" lang="en">clphras</item>
                  </morph>
                  <morph type="enclitic" guid="d7f713e1-e8cf-11d3-9764-00c04f186933">
                    <item type="txt" lang="con-Latn-EC">=en</item>
                    <item type="cf" lang="con-Latn-EC">=e</item>
                    <item type="hn" lang="en">1</item>
                    <item type="gls" lang="en">=ADVR</item>
                    <item type="msa" lang="en">clphras</item>
                  </morph>
                </morphemes></word>
              <word><item type="txt" lang="con-Latn-EC">tsomba</item><morphemes>
                  <morph type="root" guid="d7f713e5-e8cf-11d3-9764-00c04f186933">
                    <item type="txt" lang="con-Latn-EC">tso</item>
                    <item type="cf" lang="con-Latn-EC">tson</item>
                    <item type="gls" lang="en">do</item>
                    <item type="msa" lang="en">v</item>
                  </morph>
                  <morph type="enclitic" guid="d7f713e1-e8cf-11d3-9764-00c04f186933">
                    <item type="txt" lang="con-Latn-EC">=mba</item>
                    <item type="cf" lang="con-Latn-EC">=pa</item>
                    <item type="hn" lang="en">1</item>
                    <item type="gls" lang="en">=SS</item>
                    <item type="msa" lang="en">clphras</item>
                  </morph>
                </morphemes></word>
              <word><item type="txt" lang="con-Latn-EC">te</item><morphemes>
                  <morph type="clitic" guid="c2d140e5-7ca9-41f4-a69a-22fc7049dd2c">
                    <item type="txt" lang="con-Latn-EC">te</item>
                    <item type="cf" lang="con-Latn-EC">te</item>
                    <item type="gls" lang="en">REP</item>
                    <item type="msa" lang="en">clclaus</item>
                  </morph>
                </morphemes></word>
              <word><item type="txt" lang="con-Latn-EC">San Josendeccuja</item><morphemes>
                  <morph type="phrase" guid="a23b6faa-1052-4f4d-984b-4b338bdaf95f">
                    <item type="txt" lang="con-Latn-EC">San José</item>
                    <item type="cf" lang="con-Latn-EC">San José</item>
                    <item type="gls" lang="en">San José</item>
                    <item type="msa" lang="en">nprop</item>
                  </morph>
                  <morph type="enclitic" guid="d7f713e1-e8cf-11d3-9764-00c04f186933">
                    <item type="txt" lang="con-Latn-EC">=ndeccu</item>
                    <item type="cf" lang="con-Latn-EC">=ndeccu</item>
                    <item type="gls" lang="en">=PL.HUM</item>
                    <item type="msa" lang="en">clphras</item>
                  </morph>
                  <morph type="enclitic" guid="d7f713e1-e8cf-11d3-9764-00c04f186933">
                    <item type="txt" lang="con-Latn-EC">=ja</item>
                    <item type="cf" lang="con-Latn-EC">=ja</item>
                    <item type="hn" lang="en">1</item>
                    <item type="gls" lang="en">=CONTR</item>
                    <item type="msa" lang="en">clphras</item>
                  </morph>
                </morphemes></word>
              <word><item type="txt" lang="con-Latn-EC">jipa</item><morphemes>
                  <morph type="root" guid="d7f713e5-e8cf-11d3-9764-00c04f186933">
                    <item type="txt" lang="con-Latn-EC">ji</item>
                    <item type="cf" lang="con-Latn-EC">ji</item>
                    <item type="gls" lang="en">come</item>
                    <item type="msa" lang="en">v</item>
                  </morph>
                  <morph type="enclitic" guid="d7f713e1-e8cf-11d3-9764-00c04f186933">
                    <item type="txt" lang="con-Latn-EC">=pa</item>
                    <item type="cf" lang="con-Latn-EC">=pa</item>
                    <item type="hn" lang="en">1</item>
                    <item type="gls" lang="en">=SS</item>
                    <item type="msa" lang="en">clphras</item>
                  </morph>
                </morphemes></word>
              <word><item type="txt" lang="con-Latn-EC">catattova</item><morphemes>
                  <morph>
                    <item type="txt" lang="con-Latn-EC">catattova</item>
                  </morph>
                </morphemes></word>
              <word><item type="txt" lang="con-Latn-EC">qquen</item><morphemes>
                  <morph type="root" guid="d7f713e5-e8cf-11d3-9764-00c04f186933">
                    <item type="txt" lang="con-Latn-EC">qquen</item>
                    <item type="cf" lang="con-Latn-EC">qquen</item>
                    <item type="gls" lang="en">thus</item>
                    <item type="msa" lang="en">adv</item>
                  </morph>
                </morphemes></word>
              <word><item type="txt" lang="con-Latn-EC">tson'ma</item><morphemes>
                  <morph type="root" guid="d7f713e5-e8cf-11d3-9764-00c04f186933">
                    <item type="txt" lang="con-Latn-EC">tson</item>
                    <item type="cf" lang="con-Latn-EC">tson</item>
                    <item type="gls" lang="en">do</item>
                    <item type="msa" lang="en">v</item>
                  </morph>
                  <morph type="enclitic" guid="d7f713e1-e8cf-11d3-9764-00c04f186933">
                    <item type="txt" lang="con-Latn-EC">='ma</item>
                    <item type="cf" lang="con-Latn-EC">='ma</item>
                    <item type="gls" lang="en">=FRT</item>
                    <item type="msa" lang="en">clphras</item>
                  </morph>
                </morphemes></word>
              <word><item type="txt" lang="con-Latn-EC">osha'fambi'ya</item><morphemes>
                  <morph type="root" guid="d7f713e5-e8cf-11d3-9764-00c04f186933">
                    <item type="txt" lang="con-Latn-EC">osha</item>
                    <item type="cf" lang="con-Latn-EC">osha</item>
                    <item type="hn" lang="en">1</item>
                    <item type="gls" lang="en">be able</item>
                    <item type="msa" lang="en">v</item>
                  </morph>
                  <morph type="enclitic" guid="d7f713e1-e8cf-11d3-9764-00c04f186933">
                    <item type="txt" lang="con-Latn-EC">='fa</item>
                    <item type="cf" lang="con-Latn-EC">='fa</item>
                    <item type="gls" lang="en">=PL.SBJ</item>
                    <item type="msa" lang="en">clphras</item>
                  </morph>
                  <morph type="enclitic" guid="d7f713e1-e8cf-11d3-9764-00c04f186933">
                    <item type="txt" lang="con-Latn-EC">=mbi</item>
                    <item type="cf" lang="con-Latn-EC">=mbi</item>
                    <item type="gls" lang="en">=NEG</item>
                    <item type="msa" lang="en">clphras</item>
                  </morph>
                  <morph type="enclitic" guid="d7f713e1-e8cf-11d3-9764-00c04f186933">
                    <item type="txt" lang="con-Latn-EC">='ya</item>
                    <item type="cf" lang="con-Latn-EC">='ya</item>
                    <item type="gls" lang="en">=ASS</item>
                    <item type="msa" lang="en">clphras</item>
                  </morph>
                </morphemes></word>
              <word><item type="txt" lang="con-Latn-EC">Erision</item><morphemes>
                  <morph type="root" guid="d7f713e5-e8cf-11d3-9764-00c04f186933">
                    <item type="txt" lang="con-Latn-EC">Erision</item>
                    <item type="cf" lang="con-Latn-EC">Erision</item>
                    <item type="gls" lang="en">Erision</item>
                    <item type="msa" lang="en">nprop</item>
                  </morph>
                </morphemes></word>
              <word><item type="txt" lang="con-Latn-EC">atesu'cho</item><morphemes>
                  <morph type="root" guid="d7f713e5-e8cf-11d3-9764-00c04f186933">
                    <item type="txt" lang="con-Latn-EC">atesu</item>
                    <item type="cf" lang="con-Latn-EC">atesu</item>
                    <item type="gls" lang="en">know</item>
                    <item type="msa" lang="en">v</item>
                  </morph>
                  <morph type="enclitic" guid="d7f713e1-e8cf-11d3-9764-00c04f186933">
                    <item type="txt" lang="con-Latn-EC">='cho</item>
                    <item type="cf" lang="con-Latn-EC">='cho</item>
                    <item type="hn" lang="en">1</item>
                    <item type="gls" lang="en">=SBRD</item>
                    <item type="msa" lang="en">clphras</item>
                  </morph>
                </morphemes></word>
              <word><item type="txt" lang="con-Latn-EC">patsusi</item><morphemes>
                  <morph type="root" guid="d7f713e5-e8cf-11d3-9764-00c04f186933">
                    <item type="txt" lang="con-Latn-EC">patsu</item>
                    <item type="cf" lang="con-Latn-EC">patsu</item>
                    <item type="gls" lang="en">stand out</item>
                    <item type="msa" lang="en">v</item>
                  </morph>
                  <morph type="enclitic" guid="d7f713e1-e8cf-11d3-9764-00c04f186933">
                    <item type="txt" lang="con-Latn-EC">=si</item>
                    <item type="cf" lang="con-Latn-EC">=si</item>
                    <item type="hn" lang="en">1</item>
                    <item type="gls" lang="en">=DS</item>
                    <item type="msa" lang="en">clphras</item>
                  </morph>
                </morphemes></word>
              <word><item type="punct" lang="con-Latn-EC">.</item></word>
            </words><item type="segnum" lang="en">2.1</item><item type="gls" lang="en" /><item type="gls" lang="es" /></word>
          <word><words>
              <word><item type="txt" lang="con-Latn-EC">Pa'cco</item><morphemes>
                  <morph type="bound root" guid="d7f713e4-e8cf-11d3-9764-00c04f186933">
                    <item type="txt" lang="con-Latn-EC">*pa</item>
                    <item type="cf" lang="con-Latn-EC">*pa</item>
                    <item type="gls" lang="en">all</item>
                    <item type="msa" lang="en">bnd</item>
                  </morph>
                  <morph type="enclitic" guid="d7f713e1-e8cf-11d3-9764-00c04f186933">
                    <item type="txt" lang="con-Latn-EC">='cco</item>
                    <item type="cf" lang="con-Latn-EC">='cco</item>
                    <item type="gls" lang="en">=SH.ANG</item>
                    <item type="msa" lang="en">clphras</item>
                  </morph>
                </morphemes></word>
              <word><item type="txt" lang="con-Latn-EC">tise'pa</item><morphemes>
                  <morph type="stem" guid="d7f713e8-e8cf-11d3-9764-00c04f186933">
                    <item type="txt" lang="con-Latn-EC">tise'pa</item>
                    <item type="cf" lang="con-Latn-EC">tise'pa</item>
                    <item type="gls" lang="en">3.PL</item>
                    <item type="msa" lang="en">pro</item>
                  </morph>
                </morphemes></word>
              <word><item type="txt" lang="con-Latn-EC">oma'ccomande</item><morphemes>
                  <morph type="root" guid="d7f713e5-e8cf-11d3-9764-00c04f186933">
                    <item type="txt" lang="con-Latn-EC">oma'cco</item>
                    <item type="cf" lang="con-Latn-EC">oma'cco</item>
                    <item type="gls" lang="en">spear</item>
                    <item type="msa" lang="en">n</item>
                  </morph>
                  <morph type="enclitic" guid="d7f713e1-e8cf-11d3-9764-00c04f186933">
                    <item type="txt" lang="con-Latn-EC">=ma</item>
                    <item type="cf" lang="con-Latn-EC">=ma</item>
                    <item type="gls" lang="en">=ACC</item>
                    <item type="msa" lang="en">clphras</item>
                  </morph>
                  <morph type="enclitic" guid="d7f713e1-e8cf-11d3-9764-00c04f186933">
                    <item type="txt" lang="con-Latn-EC">=nde</item>
                    <item type="cf" lang="con-Latn-EC">te</item>
                    <item type="gls" lang="en">=REP</item>
                    <item type="msa" lang="en">clclaus</item>
                  </morph>
                </morphemes></word>
              <word><item type="txt" lang="con-Latn-EC">Erisionjan</item><morphemes>
                  <morph type="root" guid="d7f713e5-e8cf-11d3-9764-00c04f186933">
                    <item type="txt" lang="con-Latn-EC">Erision</item>
                    <item type="cf" lang="con-Latn-EC">Erision</item>
                    <item type="gls" lang="en">Erision</item>
                    <item type="msa" lang="en">nprop</item>
                  </morph>
                  <morph type="enclitic" guid="d7f713e1-e8cf-11d3-9764-00c04f186933">
                    <item type="txt" lang="con-Latn-EC">=jan</item>
                    <item type="cf" lang="con-Latn-EC">=ja</item>
                    <item type="hn" lang="en">1</item>
                    <item type="gls" lang="en">=CONTR</item>
                    <item type="msa" lang="en">clphras</item>
                  </morph>
                </morphemes></word>
              <word><item type="txt" lang="con-Latn-EC">itsa'ya</item><morphemes>
                  <morph type="root" guid="d7f713e5-e8cf-11d3-9764-00c04f186933">
                    <item type="txt" lang="con-Latn-EC">itsa</item>
                    <item type="cf" lang="con-Latn-EC">itsa</item>
                    <item type="gls" lang="en">give back</item>
                    <item type="msa" lang="en">v</item>
                  </morph>
                  <morph type="enclitic" guid="d7f713e1-e8cf-11d3-9764-00c04f186933">
                    <item type="txt" lang="con-Latn-EC">='ya</item>
                    <item type="cf" lang="con-Latn-EC">='ya</item>
                    <item type="gls" lang="en">=ASS</item>
                    <item type="msa" lang="en">clphras</item>
                  </morph>
                </morphemes></word>
              <word><item type="punct" lang="con-Latn-EC">.</item></word>
            </words><item type="segnum" lang="en">2.2</item><item type="gls" lang="en" /><item type="gls" lang="es" /></word>
          <word><words>
              <word><item type="txt" lang="con-Latn-EC">Tsa'caen</item><morphemes>
                  <morph type="root" guid="d7f713e5-e8cf-11d3-9764-00c04f186933">
                    <item type="txt" lang="con-Latn-EC">tsa</item>
                    <item type="cf" lang="con-Latn-EC">tsa</item>
                    <item type="gls" lang="en">ANA</item>
                    <item type="msa" lang="en">dem</item>
                  </morph>
                  <morph type="enclitic" guid="d7f713e1-e8cf-11d3-9764-00c04f186933">
                    <item type="txt" lang="con-Latn-EC">='ca</item>
                    <item type="cf" lang="con-Latn-EC">='can</item>
                    <item type="gls" lang="en">=CMP</item>
                    <item type="msa" lang="en">clphras</item>
                  </morph>
                  <morph type="enclitic" guid="d7f713e1-e8cf-11d3-9764-00c04f186933">
                    <item type="txt" lang="con-Latn-EC">=en</item>
                    <item type="cf" lang="con-Latn-EC">=e</item>
                    <item type="hn" lang="en">1</item>
                    <item type="gls" lang="en">=ADVR</item>
                    <item type="msa" lang="en">clphras</item>
                  </morph>
                </morphemes></word>
              <word><item type="txt" lang="con-Latn-EC">dapate</item><morphemes>
                  <morph type="root" guid="d7f713e5-e8cf-11d3-9764-00c04f186933">
                    <item type="txt" lang="con-Latn-EC">da</item>
                    <item type="cf" lang="con-Latn-EC">da</item>
                    <item type="hn" lang="en">1</item>
                    <item type="gls" lang="en">become</item>
                    <item type="msa" lang="en">v</item>
                  </morph>
                  <morph type="enclitic" guid="d7f713e1-e8cf-11d3-9764-00c04f186933">
                    <item type="txt" lang="con-Latn-EC">=pa</item>
                    <item type="cf" lang="con-Latn-EC">=pa</item>
                    <item type="hn" lang="en">1</item>
                    <item type="gls" lang="en">=SS</item>
                    <item type="msa" lang="en">clphras</item>
                  </morph>
                  <morph type="enclitic" guid="d7f713e1-e8cf-11d3-9764-00c04f186933">
                    <item type="txt" lang="con-Latn-EC">=te</item>
                    <item type="cf" lang="con-Latn-EC">te</item>
                    <item type="gls" lang="en">=REP</item>
                    <item type="msa" lang="en">clclaus</item>
                  </morph>
                </morphemes></word>
              <word><item type="txt" lang="con-Latn-EC">San Josendeccuja</item><morphemes>
                  <morph type="phrase" guid="a23b6faa-1052-4f4d-984b-4b338bdaf95f">
                    <item type="txt" lang="con-Latn-EC">San José</item>
                    <item type="cf" lang="con-Latn-EC">San José</item>
                    <item type="gls" lang="en">San José</item>
                    <item type="msa" lang="en">nprop</item>
                  </morph>
                  <morph type="enclitic" guid="d7f713e1-e8cf-11d3-9764-00c04f186933">
                    <item type="txt" lang="con-Latn-EC">=ndeccu</item>
                    <item type="cf" lang="con-Latn-EC">=ndeccu</item>
                    <item type="gls" lang="en">=PL.HUM</item>
                    <item type="msa" lang="en">clphras</item>
                  </morph>
                  <morph type="enclitic" guid="d7f713e1-e8cf-11d3-9764-00c04f186933">
                    <item type="txt" lang="con-Latn-EC">=ja</item>
                    <item type="cf" lang="con-Latn-EC">=ja</item>
                    <item type="hn" lang="en">1</item>
                    <item type="gls" lang="en">=CONTR</item>
                    <item type="msa" lang="en">clphras</item>
                  </morph>
                </morphemes></word>
              <word><item type="txt" lang="con-Latn-EC">ja'faya</item><morphemes>
                  <morph type="root" guid="d7f713e5-e8cf-11d3-9764-00c04f186933">
                    <item type="txt" lang="con-Latn-EC">ja</item>
                    <item type="cf" lang="con-Latn-EC">ja</item>
                    <item type="gls" lang="en">go</item>
                    <item type="msa" lang="en">v</item>
                  </morph>
                  <morph type="enclitic" guid="d7f713e1-e8cf-11d3-9764-00c04f186933">
                    <item type="txt" lang="con-Latn-EC">='fa</item>
                    <item type="cf" lang="con-Latn-EC">='fa</item>
                    <item type="gls" lang="en">=PL.SBJ</item>
                    <item type="msa" lang="en">clphras</item>
                  </morph>
                  <morph type="enclitic" guid="d7f713e1-e8cf-11d3-9764-00c04f186933">
                    <item type="txt" lang="con-Latn-EC">=ya</item>
                    <item type="cf" lang="con-Latn-EC">=ya</item>
                    <item type="gls" lang="en">=IRR</item>
                    <item type="msa" lang="en">clphras</item>
                  </morph>
                </morphemes></word>
              <word><item type="txt" lang="con-Latn-EC">Putumayoni</item><morphemes>
                  <morph type="root" guid="d7f713e5-e8cf-11d3-9764-00c04f186933">
                    <item type="txt" lang="con-Latn-EC">Putumayo</item>
                    <item type="cf" lang="con-Latn-EC">Putumayo</item>
                    <item type="gls" lang="en">Putumayo</item>
                    <item type="msa" lang="en">nprop</item>
                  </morph>
                  <morph type="enclitic" guid="d7f713e1-e8cf-11d3-9764-00c04f186933">
                    <item type="txt" lang="con-Latn-EC">=ni</item>
                    <item type="cf" lang="con-Latn-EC">=ni</item>
                    <item type="gls" lang="en">=LOC</item>
                    <item type="msa" lang="en">clphras</item>
                  </morph>
                </morphemes></word>
              <word><item type="txt" lang="con-Latn-EC">canseye'ta</item><morphemes>
                  <morph type="stem" guid="d7f713e8-e8cf-11d3-9764-00c04f186933">
                    <item type="txt" lang="con-Latn-EC">canse</item>
                    <item type="cf" lang="con-Latn-EC">canse</item>
                    <item type="gls" lang="en">live</item>
                    <item type="msa" lang="en">v</item>
                  </morph>
                  <morph type="enclitic" guid="d7f713e1-e8cf-11d3-9764-00c04f186933">
                    <item type="txt" lang="con-Latn-EC">=ye</item>
                    <item type="cf" lang="con-Latn-EC">=ye</item>
                    <item type="hn" lang="en">1</item>
                    <item type="gls" lang="en">=INF</item>
                    <item type="msa" lang="en">clphras</item>
                  </morph>
                  <morph type="enclitic" guid="d7f713e1-e8cf-11d3-9764-00c04f186933">
                    <item type="txt" lang="con-Latn-EC">='ta</item>
                    <item type="cf" lang="con-Latn-EC">=ta</item>
                    <item type="gls" lang="en">=NEW</item>
                    <item type="msa" lang="en">clphras</item>
                  </morph>
                </morphemes></word>
              <word><item type="punct" lang="con-Latn-EC">.</item></word>
            </words><item type="segnum" lang="en">2.3</item><item type="gls" lang="en" /><item type="gls" lang="es" /></word>
        </phrases>
      </paragraph>
    </paragraphs>
    <languages>
      <language lang="con-Latn-EC" font="Segoe UI" vernacular="true" />
      <language lang="en" font="Segoe UI" vernacular="true" />
      <language lang="es" font="Segoe UI" />
    </languages>
  </interlinear-text>
</document>